{
    "name": "AC Adapter",
    "nameKey": "ITEMS/AC_ADAPTER_NAME",
    "worldSpriteName": "Item_ACAdapter",
    "description": "",
    "descriptionKey": "ITEMS/AC_ADAPTER_DESCRIPTION",
    "goldValue": 15550,
    "tier": 0,
    "culture": 4,
    "maxStack": 999,
    "canAppearInChest": true,
    "chestWeight": 1.0,
    "minChestStack": 1,
    "maxChestStack": 999,
    "fixedChestStack": 0,
    "isDestroyedOnRunEnded": false,
    "wandererWeaponGoldCost": 0,
    "wandererWeaponSlimeCost": 0,
    "plusLevel": 0
}