{
    "name": "Ancient Wood",
    "nameKey": "ITEMS/ANCIENT_WOOD_NAME",
    "worldSpriteName": "Item_AncientWood",
    "description": "Wood hardened through several chemical processes.",
    "descriptionKey": "ITEMS/ANCIENT_WOOD_DESCRIPTION",
    "goldValue": 1000,
    "tier": 2,
    "culture": 2,
    "maxStack": 999,
    "canAppearInChest": true,
    "chestWeight": 1.0,
    "minChestStack": 1,
    "maxChestStack": 999,
    "fixedChestStack": 0,
    "isDestroyedOnRunEnded": false,
    "wandererWeaponGoldCost": 0,
    "wandererWeaponSlimeCost": 0,
    "plusLevel": 0
}