{
    "name": "Ancient Pot",
    "nameKey": "ITEMS/ANCIENT_POT_NAME",
    "worldSpriteName": "book_item_02_AncientPot",
    "description": "Was probably used to carry valuable liquids.",
    "descriptionKey": "ITEMS/ANCIENT_POT_DESCRIPTION",
    "goldValue": 100,
    "tier": 2,
    "culture": 1,
    "maxStack": 999,
    "canAppearInChest": true,
    "chestWeight": 1.0,
    "minChestStack": 1,
    "maxChestStack": 999,
    "fixedChestStack": 0,
    "isDestroyedOnRunEnded": false,
    "wandererWeaponGoldCost": 0,
    "wandererWeaponSlimeCost": 0,
    "plusLevel": 0
}