{
    "name": "Ancient Sacred Volume",
    "nameKey": "WANDERER_DLC/ANCIENT_SACRED__VOLUME_NAME",
    "worldSpriteName": "DLC_Item_ChestItem_AncientSacredVolume",
    "description": "Old and badly conserved volume full of words from an unknown language and culture",
    "descriptionKey": "WANDERER_DLC/ANCIENT_SACRED__VOLUME_DESCRIPTION",
    "goldValue": 18075,
    "tier": 1,
    "culture": 7,
    "maxStack": 5,
    "canAppearInChest": true,
    "chestWeight": 1.0,
    "minChestStack": 2,
    "maxChestStack": 5,
    "fixedChestStack": 0,
    "isDestroyedOnRunEnded": false,
    "wandererWeaponGoldCost": 0,
    "wandererWeaponSlimeCost": 0,
    "plusLevel": 0
}