{
    "name": "Argon Bottle",
    "nameKey": "ITEMS/ARGON_BOTTLE_NAME",
    "worldSpriteName": "Item_ArgonBottle",
    "description": "",
    "descriptionKey": "ITEMS/ARGON_BOTTLE_DESCRIPTION",
    "goldValue": 12050,
    "tier": 1,
    "culture": 4,
    "maxStack": 999,
    "canAppearInChest": true,
    "chestWeight": 1.0,
    "minChestStack": 1,
    "maxChestStack": 999,
    "fixedChestStack": 0,
    "isDestroyedOnRunEnded": false,
    "wandererWeaponGoldCost": 0,
    "wandererWeaponSlimeCost": 0,
    "plusLevel": 0
}