{
    "name": "Blade Leaves",
    "nameKey": "ITEMS/BLADE_LEAVES_NAME",
    "worldSpriteName": "Item_BladeLeaves",
    "description": "Really sharp leaves that enemies carry as weapons.",
    "descriptionKey": "ITEMS/BLADE_LEAVES_DESCRIPTION",
    "goldValue": 300,
    "tier": 3,
    "culture": 2,
    "maxStack": 999,
    "canAppearInChest": false,
    "chestWeight": 0.0,
    "minChestStack": 1,
    "maxChestStack": 999,
    "fixedChestStack": 0,
    "isDestroyedOnRunEnded": false,
    "wandererWeaponGoldCost": 0,
    "wandererWeaponSlimeCost": 0,
    "plusLevel": 0
}