{
    "name": "Blueprint III",
    "nameKey": "ITEMS/BLUE_PRINTS_III_NAME",
    "worldSpriteName": "Item_BluePrints3",
    "description": "",
    "descriptionKey": "ITEMS/BLUE_PRINTS_III_DESCRIPTION",
    "goldValue": 1500,
    "tier": 0,
    "culture": 1,
    "maxStack": 999,
    "canAppearInChest": true,
    "chestWeight": 0.0,
    "minChestStack": 1,
    "maxChestStack": 999,
    "fixedChestStack": 0,
    "isDestroyedOnRunEnded": false,
    "wandererWeaponGoldCost": 0,
    "wandererWeaponSlimeCost": 0,
    "plusLevel": 0
}