{
    "name": "Blueprint",
    "nameKey": "ITEMS/BLUEPRINT_NAME",
    "worldSpriteName": "item_golem_blue_print",
    "description": "Looks like a very detailed blueprint of an assistant golem.",
    "descriptionKey": "ITEMS/BLUEPRINT_DESCRIPTION",
    "goldValue": 400,
    "tier": 0,
    "culture": 1,
    "maxStack": 999,
    "canAppearInChest": true,
    "chestWeight": 1.0,
    "minChestStack": 1,
    "maxChestStack": 999,
    "fixedChestStack": 0,
    "isDestroyedOnRunEnded": false,
    "wandererWeaponGoldCost": 0,
    "wandererWeaponSlimeCost": 0,
    "plusLevel": 0
}