{
    "name": "Bomb Detonator",
    "nameKey": "WANDERER_DLC/BOMB_DETONATOR_NAME",
    "worldSpriteName": "DLC_Item_EnemyResource_BombDetonator",
    "description": "Old trigger mechanisim that used to be joined to a bomb",
    "descriptionKey": "WANDERER_DLC/BOMB_DETONATOR_DESCRIPTION",
    "goldValue": 7725,
    "tier": 2,
    "culture": 7,
    "maxStack": 10,
    "canAppearInChest": false,
    "chestWeight": 1.0,
    "minChestStack": 1,
    "maxChestStack": 3,
    "fixedChestStack": 0,
    "isDestroyedOnRunEnded": false,
    "wandererWeaponGoldCost": 0,
    "wandererWeaponSlimeCost": 0,
    "plusLevel": 0
}