{
    "name": "Bone Fragment",
    "nameKey": "WANDERER_DLC/BONE_FRAGMENT_NAME",
    "worldSpriteName": "DLC_Item_EnemyResource_BoneFragment",
    "description": "Piece of a bone from a walking sekeleton",
    "descriptionKey": "WANDERER_DLC/BONE_FRAGMENT_DESCRIPTION",
    "goldValue": 2325,
    "tier": 4,
    "culture": 7,
    "maxStack": 10,
    "canAppearInChest": false,
    "chestWeight": 1.0,
    "minChestStack": 1,
    "maxChestStack": 3,
    "fixedChestStack": 0,
    "isDestroyedOnRunEnded": false,
    "wandererWeaponGoldCost": 0,
    "wandererWeaponSlimeCost": 0,
    "plusLevel": 0
}