{
    "name": "Botany Jottings II",
    "nameKey": "ITEMS/BOTANY_NOTES_II_NAME",
    "worldSpriteName": "Item_BotanyNotesII",
    "description": "Notes with information about plants and tests made with them.",
    "descriptionKey": "ITEMS/BOTANY_NOTES_II_DESCRIPTION",
    "goldValue": 2000,
    "tier": 0,
    "culture": 2,
    "maxStack": 999,
    "canAppearInChest": true,
    "chestWeight": 1.0,
    "minChestStack": 1,
    "maxChestStack": 999,
    "fixedChestStack": 0,
    "isDestroyedOnRunEnded": false,
    "wandererWeaponGoldCost": 0,
    "wandererWeaponSlimeCost": 0,
    "plusLevel": 0
}