{
    "name": "Broken sling",
    "nameKey": "ITEMS/BROKEN_SLING_NAME",
    "worldSpriteName": "broken_sling",
    "description": "",
    "descriptionKey": "ITEMS/BROKEN_SLING_DESCRIPTION",
    "goldValue": 300,
    "tier": 0,
    "culture": 0,
    "maxStack": 999,
    "canAppearInChest": false,
    "chestWeight": 1.0,
    "minChestStack": 1,
    "maxChestStack": 999,
    "fixedChestStack": 0,
    "isDestroyedOnRunEnded": false,
    "wandererWeaponGoldCost": 0,
    "wandererWeaponSlimeCost": 0,
    "plusLevel": 0
}