{
    "name": "Broken Sword",
    "nameKey": "ITEMS/BROKEN_SWORD_NAME",
    "worldSpriteName": "book_item_01_BrokenSword",
    "description": "It had some kind of ritual value but it's barely useful anymore.",
    "descriptionKey": "ITEMS/BROKEN_SWORD_DESCRIPTION",
    "goldValue": 150,
    "tier": 2,
    "culture": 1,
    "maxStack": 999,
    "canAppearInChest": true,
    "chestWeight": 1.0,
    "minChestStack": 1,
    "maxChestStack": 999,
    "fixedChestStack": 0,
    "isDestroyedOnRunEnded": false,
    "wandererWeaponGoldCost": 0,
    "wandererWeaponSlimeCost": 0,
    "plusLevel": 0
}