{
    "name": "Broken katana",
    "nameKey": "ITEMS/BROKEN_KATANA_NAME",
    "worldSpriteName": "broken_katana",
    "description": "",
    "descriptionKey": "ITEMS/BROKEN_KATANA_DESCRIPTION",
    "goldValue": 2000,
    "tier": 0,
    "culture": 0,
    "maxStack": 999,
    "canAppearInChest": false,
    "chestWeight": 1.0,
    "minChestStack": 1,
    "maxChestStack": 999,
    "fixedChestStack": 0,
    "isDestroyedOnRunEnded": false,
    "wandererWeaponGoldCost": 0,
    "wandererWeaponSlimeCost": 0,
    "plusLevel": 0
}