{
    "name": "Broken Battery",
    "nameKey": "ITEMS/BROKEN_BATTERY_NAME",
    "worldSpriteName": "Item_BrokenBattery",
    "description": "",
    "descriptionKey": "ITEMS/BROKEN_BATTERY_DESCRIPTION",
    "goldValue": 2850,
    "tier": 3,
    "culture": 4,
    "maxStack": 999,
    "canAppearInChest": false,
    "chestWeight": 0.0,
    "minChestStack": 1,
    "maxChestStack": 999,
    "fixedChestStack": 0,
    "isDestroyedOnRunEnded": false,
    "wandererWeaponGoldCost": 0,
    "wandererWeaponSlimeCost": 0,
    "plusLevel": 0
}