{
    "name": "Carbon Fiber Plate",
    "nameKey": "WANDERER_DLC/CARBON_FIBER_PLATE_NAME",
    "worldSpriteName": "DLC_Item_EnemyResource_CarbonFiberPlate",
    "description": "Plate made of a thin and resistant plastic",
    "descriptionKey": "WANDERER_DLC/CARBON_FIBER_PLATE_DESCRIPTION",
    "goldValue": 4275,
    "tier": 3,
    "culture": 7,
    "maxStack": 10,
    "canAppearInChest": false,
    "chestWeight": 1.0,
    "minChestStack": 1,
    "maxChestStack": 3,
    "fixedChestStack": 0,
    "isDestroyedOnRunEnded": false,
    "wandererWeaponGoldCost": 0,
    "wandererWeaponSlimeCost": 0,
    "plusLevel": 0
}