{
    "name": "Carnivorous Mutae Seeds",
    "nameKey": "ITEMS/CARNIVOROUS_MUTAE_SEEDS_NAME",
    "worldSpriteName": "Item_CarnivorousMutaeSeeds",
    "description": "Carnivorous Mutae Seeds.",
    "descriptionKey": "ITEMS/CARNIVOROUS_MUTAE_SEEDS_DESCRIPTION",
    "goldValue": 5000,
    "tier": 0,
    "culture": 2,
    "maxStack": 999,
    "canAppearInChest": false,
    "chestWeight": 1.0,
    "minChestStack": 1,
    "maxChestStack": 999,
    "fixedChestStack": 0,
    "isDestroyedOnRunEnded": false,
    "wandererWeaponGoldCost": 0,
    "wandererWeaponSlimeCost": 0,
    "plusLevel": 0
}