{
    "name": "Carnivorous Mutae Jottings",
    "nameKey": "ITEMS/CARNIVOROUS_MUTAE_NOTES_NAME",
    "worldSpriteName": "Item_CarnivorousMutaeNotes",
    "description": "Notes with information about plants and tests made with them.",
    "descriptionKey": "ITEMS/CARNIVOROUS_MUTAE_NOTES_DESCRIPTION",
    "goldValue": 5000,
    "tier": 0,
    "culture": 2,
    "maxStack": 999,
    "canAppearInChest": false,
    "chestWeight": 1.0,
    "minChestStack": 1,
    "maxChestStack": 999,
    "fixedChestStack": 0,
    "isDestroyedOnRunEnded": false,
    "wandererWeaponGoldCost": 0,
    "wandererWeaponSlimeCost": 0,
    "plusLevel": 0
}