{
    "name": "Cloth Dye",
    "nameKey": "ITEMS/CLOTH_DYE_NAME",
    "worldSpriteName": "Item_ClothDye",
    "description": "Fireproof dye",
    "descriptionKey": "ITEMS/CLOTH_DYE_DESCRIPTION",
    "goldValue": 2750,
    "tier": 1,
    "culture": 3,
    "maxStack": 999,
    "canAppearInChest": true,
    "chestWeight": 1.0,
    "minChestStack": 1,
    "maxChestStack": 999,
    "fixedChestStack": 0,
    "isDestroyedOnRunEnded": false,
    "wandererWeaponGoldCost": 0,
    "wandererWeaponSlimeCost": 0,
    "plusLevel": 0
}