{
    "name": "Coin",
    "nameKey": "ITEMS/COIN_NAME",
    "worldSpriteName": "Item_Coin",
    "description": "",
    "descriptionKey": "ITEMS/COIN_DESCRIPTION",
    "goldValue": 1,
    "tier": 0,
    "culture": 0,
    "maxStack": 999,
    "canAppearInChest": false,
    "chestWeight": 1.0,
    "minChestStack": 0,
    "maxChestStack": 999,
    "fixedChestStack": 0,
    "isDestroyedOnRunEnded": false,
    "wandererWeaponGoldCost": 0,
    "wandererWeaponSlimeCost": 0,
    "plusLevel": 0,
    "inGameArtPrefabName": "",
    "inGameExtraPieceArtPrefabName": "",
    "extraPieceBaseColor1": {
        "r": 0.0,
        "g": 0.0,
        "b": 0.0,
        "a": 0.0
    },
    "extraPieceBaseColor2": {
        "r": 0.0,
        "g": 0.0,
        "b": 0.0,
        "a": 0.0
    },
    "extraPieceBaseColor3": {
        "r": 0.0,
        "g": 0.0,
        "b": 0.0,
        "a": 0.0
    },
    "extraPieceFinalColor1": {
        "r": 0.0,
        "g": 0.0,
        "b": 0.0,
        "a": 0.0
    },
    "extraPieceFinalColor2": {
        "r": 0.0,
        "g": 0.0,
        "b": 0.0,
        "a": 0.0
    },
    "extraPieceFinalColor3": {
        "r": 0.0,
        "g": 0.0,
        "b": 0.0,
        "a": 0.0
    },
    "equipmentSlot": 0,
    "stats": {
        "health": 0,
        "strength": 0,
        "armor": 0,
        "speed": 0,
        "intelligence": 0
    },
    "consumableEffectName": "Coin"
}