{
    "name": "Coins",
    "nameKey": "WANDERER_DLC/COINS_NAME",
    "worldSpriteName": "DLC_Item_ChestItem_Coins",
    "description": "A collection of coins from different cultures, from gold coins to really heavy metals",
    "descriptionKey": "WANDERER_DLC/COINS_DESCRIPTION",
    "goldValue": 11400,
    "tier": 2,
    "culture": 7,
    "maxStack": 5,
    "canAppearInChest": true,
    "chestWeight": 1.0,
    "minChestStack": 2,
    "maxChestStack": 5,
    "fixedChestStack": 0,
    "isDestroyedOnRunEnded": false,
    "wandererWeaponGoldCost": 0,
    "wandererWeaponSlimeCost": 0,
    "plusLevel": 0
}