{
    "name": "Colded Lava",
    "nameKey": "ITEMS/COLDED_LAVA_NAME",
    "worldSpriteName": "Item_ColdedLava",
    "description": "Molten lava colded enough to work with it",
    "descriptionKey": "ITEMS/COLDED_LAVA_DESCRIPTION",
    "goldValue": 2500,
    "tier": 2,
    "culture": 3,
    "maxStack": 999,
    "canAppearInChest": true,
    "chestWeight": 1.0,
    "minChestStack": 1,
    "maxChestStack": 999,
    "fixedChestStack": 0,
    "isDestroyedOnRunEnded": false,
    "wandererWeaponGoldCost": 0,
    "wandererWeaponSlimeCost": 0,
    "plusLevel": 0
}