{
    "name": "Composite Boots IV",
    "nameKey": "WANDERER_DLC/COMPOSITE_BOOTS_IV_NAME",
    "worldSpriteName": "item_armor_composite_boots",
    "description": "Boots suited for fast and strength attacks",
    "descriptionKey": "WANDERER_DLC/COMPOSITE_BOOTS_IV_DESCRIPTION",
    "goldValue": 864000,
    "tier": 4,
    "culture": 0,
    "maxStack": 1,
    "canAppearInChest": false,
    "chestWeight": 0.0,
    "minChestStack": 1,
    "maxChestStack": 1,
    "fixedChestStack": 0,
    "isDestroyedOnRunEnded": false,
    "wandererWeaponGoldCost": 0,
    "wandererWeaponSlimeCost": 0,
    "plusLevel": 0,
    "inGameArtPrefabName": "CompositeBoots",
    "inGameExtraPieceArtPrefabName": "",
    "extraPieceBaseColor1": {
        "r": 0.0,
        "g": 0.0,
        "b": 0.0,
        "a": 0.0
    },
    "extraPieceBaseColor2": {
        "r": 0.0,
        "g": 0.0,
        "b": 0.0,
        "a": 0.0
    },
    "extraPieceBaseColor3": {
        "r": 0.0,
        "g": 0.0,
        "b": 0.0,
        "a": 0.0
    },
    "extraPieceFinalColor1": {
        "r": 0.0,
        "g": 0.0,
        "b": 0.0,
        "a": 0.0
    },
    "extraPieceFinalColor2": {
        "r": 0.0,
        "g": 0.0,
        "b": 0.0,
        "a": 0.0
    },
    "extraPieceFinalColor3": {
        "r": 0.0,
        "g": 0.0,
        "b": 0.0,
        "a": 0.0
    },
    "equipmentSlot": 2,
    "stats": {
        "health": 1041,
        "strength": 0,
        "armor": 10,
        "speed": 0,
        "intelligence": 0
    }
}