{
    "name": "Composite Helmet III",
    "nameKey": "WANDERER_DLC/COMPOSITE_HELMET_III_NAME",
    "worldSpriteName": "item_armor_composite_helmet",
    "description": "Light but still hard helmet",
    "descriptionKey": "WANDERER_DLC/COMPOSITE_HELMET_III_DESCRIPTION",
    "goldValue": 720000,
    "tier": 4,
    "culture": 0,
    "maxStack": 1,
    "canAppearInChest": false,
    "chestWeight": 0.0,
    "minChestStack": 1,
    "maxChestStack": 1,
    "fixedChestStack": 0,
    "isDestroyedOnRunEnded": false,
    "wandererWeaponGoldCost": 0,
    "wandererWeaponSlimeCost": 0,
    "plusLevel": 0,
    "inGameArtPrefabName": "CompositeHelmet",
    "inGameExtraPieceArtPrefabName": "",
    "extraPieceBaseColor1": {
        "r": 0.0,
        "g": 0.0,
        "b": 0.0,
        "a": 0.0
    },
    "extraPieceBaseColor2": {
        "r": 0.0,
        "g": 0.0,
        "b": 0.0,
        "a": 0.0
    },
    "extraPieceBaseColor3": {
        "r": 0.0,
        "g": 0.0,
        "b": 0.0,
        "a": 0.0
    },
    "extraPieceFinalColor1": {
        "r": 0.0,
        "g": 0.0,
        "b": 0.0,
        "a": 0.0
    },
    "extraPieceFinalColor2": {
        "r": 0.0,
        "g": 0.0,
        "b": 0.0,
        "a": 0.0
    },
    "extraPieceFinalColor3": {
        "r": 0.0,
        "g": 0.0,
        "b": 0.0,
        "a": 0.0
    },
    "equipmentSlot": 0,
    "stats": {
        "health": 1345,
        "strength": 0,
        "armor": 10,
        "speed": 0,
        "intelligence": 0
    }
}