{
    "name": "Conductor Metal",
    "nameKey": "ITEMS/CONDUCTOR_METAL_NAME",
    "worldSpriteName": "Item_ConductorMetal",
    "description": "",
    "descriptionKey": "ITEMS/CONDUCTOR_METAL_DESCRIPTION",
    "goldValue": 600,
    "tier": 4,
    "culture": 4,
    "maxStack": 999,
    "canAppearInChest": false,
    "chestWeight": 0.0,
    "minChestStack": 1,
    "maxChestStack": 999,
    "fixedChestStack": 0,
    "isDestroyedOnRunEnded": false,
    "wandererWeaponGoldCost": 0,
    "wandererWeaponSlimeCost": 0,
    "plusLevel": 0
}