{
    "name": "Copper Reel",
    "nameKey": "ITEMS/COPPER_REEL_NAME",
    "worldSpriteName": "Item_CopperReel",
    "description": "",
    "descriptionKey": "ITEMS/COPPER_REEL_DESCRIPTION",
    "goldValue": 7500,
    "tier": 2,
    "culture": 4,
    "maxStack": 999,
    "canAppearInChest": true,
    "chestWeight": 1.0,
    "minChestStack": 1,
    "maxChestStack": 999,
    "fixedChestStack": 0,
    "isDestroyedOnRunEnded": false,
    "wandererWeaponGoldCost": 0,
    "wandererWeaponSlimeCost": 0,
    "plusLevel": 0
}