{
    "name": "Crystal Rock",
    "nameKey": "ITEMS/CRYSTAL_ROCK_NAME",
    "worldSpriteName": "item_crystal_rock",
    "description": "This beaming rock is highly conductive.",
    "descriptionKey": "ITEMS/CRYSTAL_ROCK_DESCRIPTION",
    "goldValue": 75,
    "tier": 3,
    "culture": 1,
    "maxStack": 999,
    "canAppearInChest": false,
    "chestWeight": 0.0,
    "minChestStack": 1,
    "maxChestStack": 999,
    "fixedChestStack": 0,
    "isDestroyedOnRunEnded": false,
    "wandererWeaponGoldCost": 0,
    "wandererWeaponSlimeCost": 0,
    "plusLevel": 0
}