{
    "name": "Crystal Shards",
    "nameKey": "ITEMS/CRYSTAL_SHARDS_NAME",
    "worldSpriteName": "Item_CrystalShards",
    "description": "",
    "descriptionKey": "ITEMS/CRYSTAL_SHARDS_DESCRIPTION",
    "goldValue": 500,
    "tier": 4,
    "culture": 4,
    "maxStack": 999,
    "canAppearInChest": false,
    "chestWeight": 0.0,
    "minChestStack": 1,
    "maxChestStack": 999,
    "fixedChestStack": 0,
    "isDestroyedOnRunEnded": false,
    "wandererWeaponGoldCost": 0,
    "wandererWeaponSlimeCost": 0,
    "plusLevel": 0
}