{
    "name": "Crystalized Energy",
    "nameKey": "ITEMS/CRYSTALIZED_ENERGY_NAME",
    "worldSpriteName": "item_crystalized_energy",
    "description": "It is easy to sense the power that golems are able to contain in these crystals.",
    "descriptionKey": "ITEMS/CRYSTALIZED_ENERGY_DESCRIPTION",
    "goldValue": 100,
    "tier": 3,
    "culture": 1,
    "maxStack": 999,
    "canAppearInChest": false,
    "chestWeight": 0.0,
    "minChestStack": 1,
    "maxChestStack": 999,
    "fixedChestStack": 0,
    "isDestroyedOnRunEnded": false,
    "wandererWeaponGoldCost": 0,
    "wandererWeaponSlimeCost": 0,
    "plusLevel": 0
}