{
    "name": "Dash",
    "nameKey": "ITEMS/DASH_NAME",
    "worldSpriteName": "Will's_dash",
    "description": "Scroll that grants the ability to make a fast dash forward.",
    "descriptionKey": "ITEMS/DASH_DESCRIPTION",
    "goldValue": 0,
    "tier": 2,
    "culture": 6,
    "maxStack": 999,
    "canAppearInChest": false,
    "chestWeight": 0.0,
    "minChestStack": 1,
    "maxChestStack": 999,
    "fixedChestStack": 0,
    "isDestroyedOnRunEnded": false,
    "wandererWeaponGoldCost": 0,
    "wandererWeaponSlimeCost": 0,
    "plusLevel": 0,
    "inGameArtPrefabName": "",
    "inGameExtraPieceArtPrefabName": "",
    "extraPieceBaseColor1": {
        "r": 0.0,
        "g": 0.0,
        "b": 0.0,
        "a": 0.0
    },
    "extraPieceBaseColor2": {
        "r": 0.0,
        "g": 0.0,
        "b": 0.0,
        "a": 0.0
    },
    "extraPieceBaseColor3": {
        "r": 0.0,
        "g": 0.0,
        "b": 0.0,
        "a": 0.0
    },
    "extraPieceFinalColor1": {
        "r": 0.0,
        "g": 0.0,
        "b": 0.0,
        "a": 0.0
    },
    "extraPieceFinalColor2": {
        "r": 0.0,
        "g": 0.0,
        "b": 0.0,
        "a": 0.0
    },
    "extraPieceFinalColor3": {
        "r": 0.0,
        "g": 0.0,
        "b": 0.0,
        "a": 0.0
    },
    "equipmentSlot": 4,
    "stats": {
        "health": 0,
        "strength": 0,
        "armor": 0,
        "speed": 0,
        "intelligence": 0
    },
    "cooldown": 0.30000001192092898,
    "guiSpriteName": "skill_dash_icon"
}