{
    "name": "Desert Steel Ingot",
    "nameKey": "ITEMS/DESERT_STEEL_INGOT_NAME",
    "worldSpriteName": "Item_DesertSteelIngot",
    "description": "Raw ingot of the desert steel",
    "descriptionKey": "ITEMS/DESERT_STEEL_INGOT_DESCRIPTION",
    "goldValue": 7500,
    "tier": 0,
    "culture": 3,
    "maxStack": 999,
    "canAppearInChest": true,
    "chestWeight": 1.0,
    "minChestStack": 1,
    "maxChestStack": 999,
    "fixedChestStack": 0,
    "isDestroyedOnRunEnded": false,
    "wandererWeaponGoldCost": 0,
    "wandererWeaponSlimeCost": 0,
    "plusLevel": 0
}