{
    "name": "Desert Stone",
    "nameKey": "ITEMS/DESERT_STONE_NAME",
    "worldSpriteName": "Item_DesertStone",
    "description": "White stone with a high melting point",
    "descriptionKey": "ITEMS/DESERT_STONE_DESCRIPTION",
    "goldValue": 2700,
    "tier": 2,
    "culture": 3,
    "maxStack": 999,
    "canAppearInChest": true,
    "chestWeight": 1.0,
    "minChestStack": 1,
    "maxChestStack": 999,
    "fixedChestStack": 0,
    "isDestroyedOnRunEnded": false,
    "wandererWeaponGoldCost": 0,
    "wandererWeaponSlimeCost": 0,
    "plusLevel": 0
}