{
    "name": "Desert History III",
    "nameKey": "ITEMS/DESERT_HISTORY_III_NAME",
    "worldSpriteName": "Item_DesertHistoryIII",
    "description": "Notes with information about plants and tests made with them.",
    "descriptionKey": "ITEMS/DESERT_HISTORY_III_DESCRIPTION",
    "goldValue": 15000,
    "tier": 0,
    "culture": 3,
    "maxStack": 999,
    "canAppearInChest": false,
    "chestWeight": 1.0,
    "minChestStack": 1,
    "maxChestStack": 999,
    "fixedChestStack": 0,
    "isDestroyedOnRunEnded": false,
    "wandererWeaponGoldCost": 0,
    "wandererWeaponSlimeCost": 0,
    "plusLevel": 0
}