{
    "name": "Desert Lava Idol",
    "nameKey": "WANDERER_DLC/DESERT_LAVA_IDOL_NAME",
    "worldSpriteName": "DLC_Item_ChestItem_DesertLavaIdol",
    "description": "An idol of Naja, made from the desert metal of the Desert Dungeon",
    "descriptionKey": "WANDERER_DLC/DESERT_LAVA_IDOL_DESCRIPTION",
    "goldValue": 21825,
    "tier": 0,
    "culture": 7,
    "maxStack": 5,
    "canAppearInChest": true,
    "chestWeight": 1.0,
    "minChestStack": 2,
    "maxChestStack": 5,
    "fixedChestStack": 0,
    "isDestroyedOnRunEnded": false,
    "wandererWeaponGoldCost": 0,
    "wandererWeaponSlimeCost": 0,
    "plusLevel": 0
}