{
    "name": "Desert Steel Sheet",
    "nameKey": "ITEMS/DESERT_STEEL_SHEET_NAME",
    "worldSpriteName": "Item_DesertSteelSheet",
    "description": "Resistant steel that becomes flexible when a magnetic element is near",
    "descriptionKey": "ITEMS/DESERT_STEEL_SHEET_DESCRIPTION",
    "goldValue": 2500,
    "tier": 3,
    "culture": 3,
    "maxStack": 999,
    "canAppearInChest": false,
    "chestWeight": 0.0,
    "minChestStack": 1,
    "maxChestStack": 999,
    "fixedChestStack": 0,
    "isDestroyedOnRunEnded": false,
    "wandererWeaponGoldCost": 0,
    "wandererWeaponSlimeCost": 0,
    "plusLevel": 0
}