{
    "name": "Desert Rope",
    "nameKey": "ITEMS/DESERT_ROPE_NAME",
    "worldSpriteName": "Item_DesertRope",
    "description": "Non famable rope really know by its resistance",
    "descriptionKey": "ITEMS/DESERT_ROPE_DESCRIPTION",
    "goldValue": 450,
    "tier": 4,
    "culture": 3,
    "maxStack": 999,
    "canAppearInChest": false,
    "chestWeight": 0.0,
    "minChestStack": 1,
    "maxChestStack": 999,
    "fixedChestStack": 0,
    "isDestroyedOnRunEnded": false,
    "wandererWeaponGoldCost": 0,
    "wandererWeaponSlimeCost": 0,
    "plusLevel": 0
}