{
    "name": "Diamagnetic Sand",
    "nameKey": "ITEMS/DIAMAGNETIC_SAND_NAME",
    "worldSpriteName": "Item_DiamagneticSand",
    "description": "Magnetic sand  reppeled by magnetic fields",
    "descriptionKey": "ITEMS/DIAMAGNETIC_SAND_DESCRIPTION",
    "goldValue": 500,
    "tier": 4,
    "culture": 3,
    "maxStack": 999,
    "canAppearInChest": false,
    "chestWeight": 0.0,
    "minChestStack": 1,
    "maxChestStack": 999,
    "fixedChestStack": 0,
    "isDestroyedOnRunEnded": false,
    "wandererWeaponGoldCost": 0,
    "wandererWeaponSlimeCost": 0,
    "plusLevel": 0
}