{
    "name": "Dimensional Fungus",
    "nameKey": "WANDERER_DLC/DIMENSIONAL_FUNGUS_NAME",
    "worldSpriteName": "DLC_Item_EnemyResource_DimensionalFongus",
    "description": "Fungus that plagues most material or beings in contact with the dimensional fluid for a long time",
    "descriptionKey": "WANDERER_DLC/DIMENSIONAL_FUNGUS_DESCRIPTION",
    "goldValue": 11400,
    "tier": 2,
    "culture": 7,
    "maxStack": 10,
    "canAppearInChest": false,
    "chestWeight": 1.0,
    "minChestStack": 1,
    "maxChestStack": 3,
    "fixedChestStack": 0,
    "isDestroyedOnRunEnded": false,
    "wandererWeaponGoldCost": 0,
    "wandererWeaponSlimeCost": 0,
    "plusLevel": 0
}