{
    "name": "Dimensional Res. Mineral Ore",
    "nameKey": "WANDERER_DLC/DIMENSIONAL_RES._MINERAL_ORE_NAME",
    "worldSpriteName": "DLC_Item_ChestItem_DimensionalMineralOre",
    "description": "The ore used to create the Dimensional Resistant Metal.",
    "descriptionKey": "WANDERER_DLC/DIMENSIONAL_RES._MINERAL_ORE_DESCRIPTION",
    "goldValue": 11400,
    "tier": 2,
    "culture": 7,
    "maxStack": 5,
    "canAppearInChest": true,
    "chestWeight": 1.0,
    "minChestStack": 2,
    "maxChestStack": 5,
    "fixedChestStack": 0,
    "isDestroyedOnRunEnded": false,
    "wandererWeaponGoldCost": 0,
    "wandererWeaponSlimeCost": 0,
    "plusLevel": 0
}