{
    "name": "Dimensional Resistant Metal",
    "nameKey": "WANDERER_DLC/DIMENSIONAL_RESISTANT_METAL_NAME",
    "worldSpriteName": "DLC_Item_EnemyResource_DimensionalResistantMetal",
    "description": "Strange ochre metal known for its resistance to the fluid between dimensions",
    "descriptionKey": "WANDERER_DLC/DIMENSIONAL_RESISTANT_METAL_DESCRIPTION",
    "goldValue": 7725,
    "tier": 2,
    "culture": 7,
    "maxStack": 10,
    "canAppearInChest": true,
    "chestWeight": 1.0,
    "minChestStack": 1,
    "maxChestStack": 3,
    "fixedChestStack": 0,
    "isDestroyedOnRunEnded": false,
    "wandererWeaponGoldCost": 0,
    "wandererWeaponSlimeCost": 0,
    "plusLevel": 0
}