{
    "name": "Dimensional Garbage",
    "nameKey": "WANDERER_DLC/DIMENSIONAL_GARBAGE_NAME",
    "worldSpriteName": "DLC_Item_ChestItem_DimensionalGarbage",
    "description": "Rests of differents materials, tools and objects from several dimensions",
    "descriptionKey": "WANDERER_DLC/DIMENSIONAL_GARBAGE_DESCRIPTION",
    "goldValue": 11400,
    "tier": 2,
    "culture": 7,
    "maxStack": 5,
    "canAppearInChest": true,
    "chestWeight": 1.0,
    "minChestStack": 2,
    "maxChestStack": 5,
    "fixedChestStack": 0,
    "isDestroyedOnRunEnded": false,
    "wandererWeaponGoldCost": 0,
    "wandererWeaponSlimeCost": 0,
    "plusLevel": 0
}