{
    "name": "Dimensional Resistant Glass",
    "nameKey": "WANDERER_DLC/DIMENSIONAL_RESISTANT_GLASS_NAME",
    "worldSpriteName": "DLC_Item_ChestItem_DimensionalResistantGlass",
    "description": "Thick glass able to resist the corruption caused by the fluid between dimensions",
    "descriptionKey": "WANDERER_DLC/DIMENSIONAL_RESISTANT_GLASS_DESCRIPTION",
    "goldValue": 18075,
    "tier": 1,
    "culture": 7,
    "maxStack": 5,
    "canAppearInChest": true,
    "chestWeight": 1.0,
    "minChestStack": 2,
    "maxChestStack": 5,
    "fixedChestStack": 0,
    "isDestroyedOnRunEnded": false,
    "wandererWeaponGoldCost": 0,
    "wandererWeaponSlimeCost": 0,
    "plusLevel": 0
}