{
    "name": "Dimensional Suit Fabric",
    "nameKey": "WANDERER_DLC/DIMENSIONAL_SUIT_FABRIC_NAME",
    "worldSpriteName": "DLC_Item_ICT_DimensionalSuitFabric",
    "description": "A piece of frabic from a dimensional suit, the same fabric the Dimensional Police suits are made of",
    "descriptionKey": "WANDERER_DLC/DIMENSIONAL_SUIT_FABRIC_DESCRIPTION",
    "goldValue": 50000,
    "tier": 0,
    "culture": 8,
    "maxStack": 5,
    "canAppearInChest": false,
    "chestWeight": 1.0,
    "minChestStack": 1,
    "maxChestStack": 3,
    "fixedChestStack": 0,
    "isDestroyedOnRunEnded": false,
    "wandererWeaponGoldCost": 0,
    "wandererWeaponSlimeCost": 0,
    "plusLevel": 0
}