{
    "name": "EggBabySlimeDesert",
    "nameKey": "WANDERER_DLC/ITEM_EGG_BABY_SLIME_DESERT_NAME",
    "worldSpriteName": "familiars_Egg_babyslime_desert",
    "description": "",
    "descriptionKey": "WANDERER_DLC/ITEM_EGG_BABY_SLIME_DESERT_DESCRIPTION",
    "goldValue": 1,
    "tier": 0,
    "culture": 3,
    "maxStack": 999,
    "canAppearInChest": false,
    "chestWeight": 1.0,
    "minChestStack": 1,
    "maxChestStack": 999,
    "fixedChestStack": 0,
    "isDestroyedOnRunEnded": false,
    "wandererWeaponGoldCost": 0,
    "wandererWeaponSlimeCost": 0,
    "plusLevel": 0
}