{
    "name": "EggDancerPuppet",
    "nameKey": "ITEMS/EGG_BARDPUPPET_ITEM",
    "worldSpriteName": "Item_FamiliarEgg_DancerPuppet",
    "description": "",
    "descriptionKey": "ITEMS/EGG_BARDPUPPET_DESCRIPTION",
    "goldValue": 1,
    "tier": 0,
    "culture": 3,
    "maxStack": 999,
    "canAppearInChest": false,
    "chestWeight": 1.0,
    "minChestStack": 1,
    "maxChestStack": 999,
    "fixedChestStack": 0,
    "isDestroyedOnRunEnded": false,
    "wandererWeaponGoldCost": 0,
    "wandererWeaponSlimeCost": 0,
    "plusLevel": 0
}