{
    "name": "EggGolemFlyingRepair",
    "nameKey": "ITEMS/EGG_GOLEMFLYINGREPAIR_ITEM",
    "worldSpriteName": "Item_FamiliarEgg_FlyingRepairGolem",
    "description": "",
    "descriptionKey": "ITEMS/EGG_GOLEMFLYINGREPAIR_DESCRIPTION",
    "goldValue": 1,
    "tier": 0,
    "culture": 1,
    "maxStack": 999,
    "canAppearInChest": false,
    "chestWeight": 1.0,
    "minChestStack": 1,
    "maxChestStack": 999,
    "fixedChestStack": 0,
    "isDestroyedOnRunEnded": false,
    "wandererWeaponGoldCost": 0,
    "wandererWeaponSlimeCost": 0,
    "plusLevel": 0
}