{
    "name": "EggSpikeChain",
    "nameKey": "WANDERER_DLC/ITEM_EGG_SPIKE_CHAIN_NAME",
    "worldSpriteName": "familiars_Egg_Spike",
    "description": "",
    "descriptionKey": "WANDERER_DLC/ITEM_EGG_SPIKE_CHAIN_DESCRIPTION",
    "goldValue": 1,
    "tier": 0,
    "culture": 7,
    "maxStack": 1,
    "canAppearInChest": false,
    "chestWeight": 1.0,
    "minChestStack": 1,
    "maxChestStack": 1,
    "fixedChestStack": 0,
    "isDestroyedOnRunEnded": false,
    "wandererWeaponGoldCost": 0,
    "wandererWeaponSlimeCost": 0,
    "plusLevel": 0
}