{
    "name": "EggWoodMimic",
    "nameKey": "ITEMS/EGG_WOODMIMIC_ITEM",
    "worldSpriteName": "Item_FamiliarEgg_Mimic",
    "description": "",
    "descriptionKey": "ITEMS/EGG_WOODMIMIC_DESCRIPTION",
    "goldValue": 1,
    "tier": 0,
    "culture": 0,
    "maxStack": 999,
    "canAppearInChest": false,
    "chestWeight": 1.0,
    "minChestStack": 1,
    "maxChestStack": 999,
    "fixedChestStack": 0,
    "isDestroyedOnRunEnded": false,
    "wandererWeaponGoldCost": 0,
    "wandererWeaponSlimeCost": 0,
    "plusLevel": 0
}