{
    "name": "Electric Jelly",
    "nameKey": "ITEMS/ELECTRIC_JELLY_NAME",
    "worldSpriteName": "ElectricJelly",
    "description": "Jelly with many curative properties extrated from Electric Slimes",
    "descriptionKey": "ITEMS/ELECTRIC_JELLY_DESCRIPTION",
    "goldValue": 400,
    "tier": 0,
    "culture": 0,
    "maxStack": 999,
    "canAppearInChest": false,
    "chestWeight": 0.0,
    "minChestStack": 1,
    "maxChestStack": 999,
    "fixedChestStack": 0,
    "isDestroyedOnRunEnded": false,
    "wandererWeaponGoldCost": 0,
    "wandererWeaponSlimeCost": 0,
    "plusLevel": 0
}