{
    "name": "Electric Elemental Amulet",
    "nameKey": "WANDERER_DLC/ELECTRIC_DAMAGE_AMULET_NAME",
    "worldSpriteName": "Electric_Elemental_Amulet",
    "description": "Electric Elemental Damage Amulet",
    "descriptionKey": "WANDERER_DLC/ELECTRIC_DAMAGE_AMULET_DESCRIPTION",
    "goldValue": 0,
    "tier": 0,
    "culture": 7,
    "maxStack": 1,
    "canAppearInChest": false,
    "chestWeight": 0.0,
    "minChestStack": 1,
    "maxChestStack": 1,
    "fixedChestStack": 1,
    "isDestroyedOnRunEnded": false,
    "wandererWeaponGoldCost": 0,
    "wandererWeaponSlimeCost": 0,
    "plusLevel": 0,
    "inGameArtPrefabName": "",
    "inGameExtraPieceArtPrefabName": "",
    "extraPieceBaseColor1": {
        "r": 0.0,
        "g": 0.0,
        "b": 0.0,
        "a": 0.0
    },
    "extraPieceBaseColor2": {
        "r": 0.0,
        "g": 0.0,
        "b": 0.0,
        "a": 0.0
    },
    "extraPieceBaseColor3": {
        "r": 0.0,
        "g": 0.0,
        "b": 0.0,
        "a": 0.0
    },
    "extraPieceFinalColor1": {
        "r": 0.0,
        "g": 0.0,
        "b": 0.0,
        "a": 0.0
    },
    "extraPieceFinalColor2": {
        "r": 0.0,
        "g": 0.0,
        "b": 0.0,
        "a": 0.0
    },
    "extraPieceFinalColor3": {
        "r": 0.0,
        "g": 0.0,
        "b": 0.0,
        "a": 0.0
    },
    "equipmentSlot": 6,
    "stats": {
        "health": 0,
        "strength": 0,
        "armor": 0,
        "speed": 0,
        "intelligence": 0
    },
    "amuletEffectName": "ElectricDamageAmuletEffect",
    "appearProbability": 0.20000000298023225,
    "canAppearMoreThanOnce": false,
    "bossDrop": false
}