{
    "name": "Empowering Crystal",
    "nameKey": "ITEMS/EMPOWERING_CRYSTAL_NAME",
    "worldSpriteName": "EmpoweredCrystal",
    "description": "Raw crystal source of magic power",
    "descriptionKey": "ITEMS/EMPOWERING_CRYSTAL_DESCRIPTION",
    "goldValue": 100,
    "tier": 0,
    "culture": 0,
    "maxStack": 999,
    "canAppearInChest": false,
    "chestWeight": 0.0,
    "minChestStack": 1,
    "maxChestStack": 999,
    "fixedChestStack": 0,
    "isDestroyedOnRunEnded": false,
    "wandererWeaponGoldCost": 0,
    "wandererWeaponSlimeCost": 0,
    "plusLevel": 0
}