{
    "name": "Energy Capacitor",
    "nameKey": "ITEMS/ENERGY_CAPACITOR_NAME",
    "worldSpriteName": "Item_EnergyCapacitor",
    "description": "",
    "descriptionKey": "ITEMS/ENERGY_CAPACITOR_DESCRIPTION",
    "goldValue": 4500,
    "tier": 3,
    "culture": 4,
    "maxStack": 999,
    "canAppearInChest": false,
    "chestWeight": 0.0,
    "minChestStack": 1,
    "maxChestStack": 999,
    "fixedChestStack": 0,
    "isDestroyedOnRunEnded": false,
    "wandererWeaponGoldCost": 0,
    "wandererWeaponSlimeCost": 0,
    "plusLevel": 0
}