{
    "name": "Fabric Bandana IV",
    "nameKey": "ITEMS/FABRIC_HELMET_IV_NAME",
    "worldSpriteName": "item_armor_fabric_helmet_tesla",
    "description": "Bandana made of magic infused fabric",
    "descriptionKey": "ITEMS/FABRIC_HELMET_IV_DESCRIPTION",
    "goldValue": 64000,
    "tier": 1,
    "culture": 0,
    "maxStack": 999,
    "canAppearInChest": false,
    "chestWeight": 0.0,
    "minChestStack": 1,
    "maxChestStack": 999,
    "fixedChestStack": 0,
    "isDestroyedOnRunEnded": false,
    "wandererWeaponGoldCost": 0,
    "wandererWeaponSlimeCost": 0,
    "plusLevel": 0,
    "inGameArtPrefabName": "FabricBandana",
    "inGameExtraPieceArtPrefabName": "ExtraPieceHead",
    "extraPieceBaseColor1": {
        "r": 0.3100000023841858,
        "g": 0.37599998712539675,
        "b": 0.11400000005960465,
        "a": 1.0
    },
    "extraPieceBaseColor2": {
        "r": 0.4429999887943268,
        "g": 0.4860000014305115,
        "b": 0.12200000137090683,
        "a": 1.0
    },
    "extraPieceBaseColor3": {
        "r": 0.7649999856948853,
        "g": 0.7730000019073486,
        "b": 0.14100000262260438,
        "a": 1.0
    },
    "extraPieceFinalColor1": {
        "r": 0.3140000104904175,
        "g": 0.054999999701976779,
        "b": 0.22300000488758088,
        "a": 1.0
    },
    "extraPieceFinalColor2": {
        "r": 0.5059999823570252,
        "g": 0.10999999940395355,
        "b": 0.36800000071525576,
        "a": 1.0
    },
    "extraPieceFinalColor3": {
        "r": 0.3720000088214874,
        "g": 0.847000002861023,
        "b": 0.800000011920929,
        "a": 1.0
    },
    "equipmentSlot": 0,
    "stats": {
        "health": 270,
        "strength": 0,
        "armor": 0,
        "speed": 8,
        "intelligence": 0
    }
}