{
    "name": "Fabric Chestplate II",
    "nameKey": "ITEMS/FABRIC_CHESTPLATE_II_NAME",
    "worldSpriteName": "item_armor_fabric_chest_forest",
    "description": "Chestplate infused with magic",
    "descriptionKey": "ITEMS/FABRIC_CHESTPLATE_II_DESCRIPTION",
    "goldValue": 8000,
    "tier": 3,
    "culture": 0,
    "maxStack": 999,
    "canAppearInChest": false,
    "chestWeight": 0.0,
    "minChestStack": 1,
    "maxChestStack": 999,
    "fixedChestStack": 0,
    "isDestroyedOnRunEnded": false,
    "wandererWeaponGoldCost": 0,
    "wandererWeaponSlimeCost": 0,
    "plusLevel": 0,
    "inGameArtPrefabName": "FabricChestplate",
    "inGameExtraPieceArtPrefabName": "ExtraPieceChestplate",
    "extraPieceBaseColor1": {
        "r": 0.3100000023841858,
        "g": 0.37599998712539675,
        "b": 0.11400000005960465,
        "a": 1.0
    },
    "extraPieceBaseColor2": {
        "r": 0.4429999887943268,
        "g": 0.4860000014305115,
        "b": 0.12200000137090683,
        "a": 1.0
    },
    "extraPieceBaseColor3": {
        "r": 0.7649999856948853,
        "g": 0.7730000019073486,
        "b": 0.14100000262260438,
        "a": 1.0
    },
    "extraPieceFinalColor1": {
        "r": 0.3100000023841858,
        "g": 0.37599998712539675,
        "b": 0.11400000005960465,
        "a": 1.0
    },
    "extraPieceFinalColor2": {
        "r": 0.4429999887943268,
        "g": 0.4860000014305115,
        "b": 0.12200000137090683,
        "a": 1.0
    },
    "extraPieceFinalColor3": {
        "r": 0.7649999856948853,
        "g": 0.7730000019073486,
        "b": 0.14100000262260438,
        "a": 1.0
    },
    "equipmentSlot": 1,
    "stats": {
        "health": 60,
        "strength": 0,
        "armor": 0,
        "speed": 8,
        "intelligence": 0
    }
}