{
    "name": "Fabric",
    "nameKey": "ITEMS/FABRIC_NAME",
    "worldSpriteName": "item_old_fabric",
    "description": "Sturdy fabric used on golem decorations.",
    "descriptionKey": "ITEMS/FABRIC_DESCRIPTION",
    "goldValue": 250,
    "tier": 2,
    "culture": 1,
    "maxStack": 999,
    "canAppearInChest": true,
    "chestWeight": 2.0,
    "minChestStack": 2,
    "maxChestStack": 999,
    "fixedChestStack": 0,
    "isDestroyedOnRunEnded": false,
    "wandererWeaponGoldCost": 0,
    "wandererWeaponSlimeCost": 0,
    "plusLevel": 0
}