{
    "name": "Fertile Soil",
    "nameKey": "ITEMS/FERTILE_SOIL_NAME",
    "worldSpriteName": "Item_FertileSoil",
    "description": "Soil which wrants the germination process of a plant.",
    "descriptionKey": "ITEMS/FERTILE_SOIL_DESCRIPTION",
    "goldValue": 1000,
    "tier": 2,
    "culture": 2,
    "maxStack": 999,
    "canAppearInChest": true,
    "chestWeight": 1.0,
    "minChestStack": 1,
    "maxChestStack": 999,
    "fixedChestStack": 0,
    "isDestroyedOnRunEnded": false,
    "wandererWeaponGoldCost": 0,
    "wandererWeaponSlimeCost": 0,
    "plusLevel": 0
}