{
    "name": "Fertilizer",
    "nameKey": "ITEMS/FERTILIZER_NAME",
    "worldSpriteName": "Item_Fertilizer",
    "description": "String fertilizer that makes plants grow bigger and stronger.",
    "descriptionKey": "ITEMS/FERTILIZER_DESCRIPTION",
    "goldValue": 1000,
    "tier": 2,
    "culture": 2,
    "maxStack": 999,
    "canAppearInChest": true,
    "chestWeight": 1.0,
    "minChestStack": 1,
    "maxChestStack": 999,
    "fixedChestStack": 0,
    "isDestroyedOnRunEnded": false,
    "wandererWeaponGoldCost": 0,
    "wandererWeaponSlimeCost": 0,
    "plusLevel": 0
}