{
    "name": "Final Composite Bow",
    "nameKey": "WANDERER_DLC/TRICK_COMPOSITE_BOW_NAME",
    "worldSpriteName": "composite_bow",
    "description": "",
    "descriptionKey": "WANDERER_DLC/TRICK_COMPOSITE_BOW_DESCRIPTION",
    "goldValue": 0,
    "tier": 3,
    "culture": 7,
    "maxStack": 1,
    "canAppearInChest": false,
    "chestWeight": 0.0,
    "minChestStack": 1,
    "maxChestStack": 1,
    "fixedChestStack": 0,
    "isDestroyedOnRunEnded": false,
    "wandererWeaponGoldCost": 0,
    "wandererWeaponSlimeCost": 0,
    "plusLevel": 0,
    "inGameArtPrefabName": "Composite Bow",
    "inGameExtraPieceArtPrefabName": "",
    "extraPieceBaseColor1": {
        "r": 0.0,
        "g": 0.0,
        "b": 0.0,
        "a": 0.0
    },
    "extraPieceBaseColor2": {
        "r": 0.0,
        "g": 0.0,
        "b": 0.0,
        "a": 0.0
    },
    "extraPieceBaseColor3": {
        "r": 0.0,
        "g": 0.0,
        "b": 0.0,
        "a": 0.0
    },
    "extraPieceFinalColor1": {
        "r": 0.0,
        "g": 0.0,
        "b": 0.0,
        "a": 0.0
    },
    "extraPieceFinalColor2": {
        "r": 0.0,
        "g": 0.0,
        "b": 0.0,
        "a": 0.0
    },
    "extraPieceFinalColor3": {
        "r": 0.0,
        "g": 0.0,
        "b": 0.0,
        "a": 0.0
    },
    "equipmentSlot": 3,
    "stats": {
        "health": 0,
        "strength": 2683,
        "armor": 0,
        "speed": 0,
        "intelligence": 0
    },
    "weaponType": 5,
    "mainAttackCooldown": 0.0,
    "secondaryAttackCooldown": 0.0,
    "mainAttackPushBackwardsForce": 100.0,
    "secondaryAttackPushBackwardsForce": 200.0,
    "secondaryAttackDamageMultiplier": 2.0,
    "mainAttackEffectCombo1": "TrainingBowAttackSparkles",
    "mainAttackEffectCombo2": "TrainingBowAttackSparkles",
    "mainAttackEffectCombo3": "TrainingBowAttackSparkles",
    "secondaryAttackEffect": "TrainingBowAttackSparklesSecondary",
    "secondaryAttackChargedEffect": "",
    "missAttackEffect": "",
    "combatEffect": "",
    "trickAttackCooldown": 0.0,
    "trickAttackPushBackwardsForce": 0.0,
    "trickEffect": "CompositeBowWeaponEffect",
    "arrowPrefabName": "CompositeArrowProjectile",
    "minLevelToAppear": 2,
    "maxLevelToAppear": 9
}