{
    "name": "Final Spore Sword",
    "nameKey": "WANDERER_DLC/TRICK_SPORE_SHORT_SWORD_NAME",
    "worldSpriteName": "spore_short_sword",
    "description": "",
    "descriptionKey": "WANDERER_DLC/TRICK_SPORE_SHORT_SWORD_DESCRIPTION",
    "goldValue": 0,
    "tier": 3,
    "culture": 7,
    "maxStack": 1,
    "canAppearInChest": false,
    "chestWeight": 0.0,
    "minChestStack": 1,
    "maxChestStack": 1,
    "fixedChestStack": 0,
    "isDestroyedOnRunEnded": false,
    "wandererWeaponGoldCost": 0,
    "wandererWeaponSlimeCost": 0,
    "plusLevel": 0,
    "inGameArtPrefabName": "Spore Sword",
    "inGameExtraPieceArtPrefabName": "",
    "extraPieceBaseColor1": {
        "r": 0.0,
        "g": 0.0,
        "b": 0.0,
        "a": 0.0
    },
    "extraPieceBaseColor2": {
        "r": 0.0,
        "g": 0.0,
        "b": 0.0,
        "a": 0.0
    },
    "extraPieceBaseColor3": {
        "r": 0.0,
        "g": 0.0,
        "b": 0.0,
        "a": 0.0
    },
    "extraPieceFinalColor1": {
        "r": 0.0,
        "g": 0.0,
        "b": 0.0,
        "a": 0.0
    },
    "extraPieceFinalColor2": {
        "r": 0.0,
        "g": 0.0,
        "b": 0.0,
        "a": 0.0
    },
    "extraPieceFinalColor3": {
        "r": 0.0,
        "g": 0.0,
        "b": 0.0,
        "a": 0.0
    },
    "equipmentSlot": 3,
    "stats": {
        "health": 0,
        "strength": 3500,
        "armor": 0,
        "speed": 0,
        "intelligence": 0
    },
    "weaponType": 1,
    "mainAttackCooldown": 0.0,
    "secondaryAttackCooldown": 0.0,
    "mainAttackPushBackwardsForce": 450.0,
    "secondaryAttackPushBackwardsForce": 900.0,
    "secondaryAttackDamageMultiplier": 2.0,
    "mainAttackEffectCombo1": "TrainingAttackSparkles1",
    "mainAttackEffectCombo2": "TrainingAttackSparkles2",
    "mainAttackEffectCombo3": "TrainingAttackSparkles3",
    "secondaryAttackEffect": "TrainingDefenseSparkles",
    "secondaryAttackChargedEffect": "",
    "missAttackEffect": "",
    "combatEffect": "",
    "trickAttackCooldown": 0.0,
    "trickAttackPushBackwardsForce": 0.0,
    "trickEffect": "SporeSwordWeaponEffect",
    "arrowPrefabName": "",
    "minLevelToAppear": 0,
    "maxLevelToAppear": 9
}