{
    "name": "Fire Gem",
    "nameKey": "ITEMS/FIRE_GEM_NAME",
    "worldSpriteName": "Item_FireGem",
    "description": "Iginition gem fired when rubbing it agains a cloth or stone.",
    "descriptionKey": "ITEMS/FIRE_GEM_DESCRIPTION",
    "goldValue": 1700,
    "tier": 3,
    "culture": 3,
    "maxStack": 999,
    "canAppearInChest": false,
    "chestWeight": 0.0,
    "minChestStack": 1,
    "maxChestStack": 999,
    "fixedChestStack": 0,
    "isDestroyedOnRunEnded": false,
    "wandererWeaponGoldCost": 0,
    "wandererWeaponSlimeCost": 0,
    "plusLevel": 0
}