{
    "name": "Fireproof Cloth",
    "nameKey": "ITEMS/FIREPROOF_CLOTH_NAME",
    "worldSpriteName": "Item_FireproofCloth",
    "description": "Non famable cloth",
    "descriptionKey": "ITEMS/FIREPROOF_CLOTH_DESCRIPTION",
    "goldValue": 1150,
    "tier": 3,
    "culture": 3,
    "maxStack": 999,
    "canAppearInChest": false,
    "chestWeight": 0.0,
    "minChestStack": 1,
    "maxChestStack": 999,
    "fixedChestStack": 0,
    "isDestroyedOnRunEnded": false,
    "wandererWeaponGoldCost": 0,
    "wandererWeaponSlimeCost": 0,
    "plusLevel": 0
}