{
    "name": "Fire Jelly",
    "nameKey": "ITEMS/FIRE_JELLY_NAME",
    "worldSpriteName": "FireJelly",
    "description": "Jelly with many curative properties extrated from Desert Slimes",
    "descriptionKey": "ITEMS/FIRE_JELLY_DESCRIPTION",
    "goldValue": 100,
    "tier": 0,
    "culture": 0,
    "maxStack": 999,
    "canAppearInChest": false,
    "chestWeight": 0.0,
    "minChestStack": 1,
    "maxChestStack": 999,
    "fixedChestStack": 0,
    "isDestroyedOnRunEnded": false,
    "wandererWeaponGoldCost": 0,
    "wandererWeaponSlimeCost": 0,
    "plusLevel": 0
}