{
    "name": "Flamable Dust",
    "nameKey": "ITEMS/FLAMABLE_DUST_NAME",
    "worldSpriteName": "Item_FlamableDust",
    "description": "Highly flamable dust",
    "descriptionKey": "ITEMS/FLAMABLE_DUST_DESCRIPTION",
    "goldValue": 400,
    "tier": 4,
    "culture": 3,
    "maxStack": 999,
    "canAppearInChest": false,
    "chestWeight": 0.0,
    "minChestStack": 1,
    "maxChestStack": 999,
    "fixedChestStack": 0,
    "isDestroyedOnRunEnded": false,
    "wandererWeaponGoldCost": 0,
    "wandererWeaponSlimeCost": 0,
    "plusLevel": 0
}