{
    "name": "Fluid Conduct",
    "nameKey": "ITEMS/FLUID_CONDUCT_NAME",
    "worldSpriteName": "Item_FluidConduct",
    "description": "Conduict used to transport lava minimizing the lost of heat",
    "descriptionKey": "ITEMS/FLUID_CONDUCT_DESCRIPTION",
    "goldValue": 3650,
    "tier": 2,
    "culture": 3,
    "maxStack": 999,
    "canAppearInChest": true,
    "chestWeight": 1.0,
    "minChestStack": 1,
    "maxChestStack": 999,
    "fixedChestStack": 0,
    "isDestroyedOnRunEnded": false,
    "wandererWeaponGoldCost": 0,
    "wandererWeaponSlimeCost": 0,
    "plusLevel": 0
}