{
    "name": "Fluid Vessel",
    "nameKey": "ITEMS/FLUID_VESSEL_NAME",
    "worldSpriteName": "Item_FluidVessel",
    "description": "Vessel used to mix different fluids and substances.",
    "descriptionKey": "ITEMS/FLUID_VESSEL_DESCRIPTION",
    "goldValue": 1550,
    "tier": 1,
    "culture": 2,
    "maxStack": 999,
    "canAppearInChest": true,
    "chestWeight": 1.0,
    "minChestStack": 1,
    "maxChestStack": 999,
    "fixedChestStack": 0,
    "isDestroyedOnRunEnded": false,
    "wandererWeaponGoldCost": 0,
    "wandererWeaponSlimeCost": 0,
    "plusLevel": 0
}