{
    "name": "Forest fruits",
    "nameKey": "ITEMS/FOREST_FRUITS_NAME",
    "worldSpriteName": "Item_ForestFruits",
    "description": "Fruits gathered from different bushes.",
    "descriptionKey": "ITEMS/FOREST_FRUITS_DESCRIPTION",
    "goldValue": 1800,
    "tier": 1,
    "culture": 2,
    "maxStack": 999,
    "canAppearInChest": true,
    "chestWeight": 1.0,
    "minChestStack": 1,
    "maxChestStack": 999,
    "fixedChestStack": 0,
    "isDestroyedOnRunEnded": false,
    "wandererWeaponGoldCost": 0,
    "wandererWeaponSlimeCost": 0,
    "plusLevel": 0
}