{
    "name": "Forest Wood Figure",
    "nameKey": "WANDERER_DLC/FOREST_WOOD_FIGURE_NAME",
    "worldSpriteName": "DLC_Item_ChestItem_ForestWoodFigure",
    "description": "A statue of Carnivorous Mutae sculpted in wood from the Forest Dungeon",
    "descriptionKey": "WANDERER_DLC/FOREST_WOOD_FIGURE_DESCRIPTION",
    "goldValue": 21825,
    "tier": 0,
    "culture": 7,
    "maxStack": 5,
    "canAppearInChest": true,
    "chestWeight": 1.0,
    "minChestStack": 2,
    "maxChestStack": 5,
    "fixedChestStack": 0,
    "isDestroyedOnRunEnded": false,
    "wandererWeaponGoldCost": 0,
    "wandererWeaponSlimeCost": 0,
    "plusLevel": 0
}