{
    "name": "Fossil Bone",
    "nameKey": "WANDERER_DLC/FOSSIL_BONE_NAME",
    "worldSpriteName": "DLC_Item_ChestItem_FossilBone",
    "description": "A really old bone that looking mor elike a rock than a bone.",
    "descriptionKey": "WANDERER_DLC/FOSSIL_BONE_DESCRIPTION",
    "goldValue": 11400,
    "tier": 2,
    "culture": 7,
    "maxStack": 5,
    "canAppearInChest": true,
    "chestWeight": 1.0,
    "minChestStack": 2,
    "maxChestStack": 5,
    "fixedChestStack": 0,
    "isDestroyedOnRunEnded": false,
    "wandererWeaponGoldCost": 0,
    "wandererWeaponSlimeCost": 0,
    "plusLevel": 0
}