{
    "name": "Foundry Rests",
    "nameKey": "ITEMS/FOUNDRY_RESTS_NAME",
    "worldSpriteName": "item_foundry_rests",
    "description": "Remains of an old foundry used for metal smelting.",
    "descriptionKey": "ITEMS/FOUNDRY_RESTS_DESCRIPTION",
    "goldValue": 150,
    "tier": 2,
    "culture": 1,
    "maxStack": 999,
    "canAppearInChest": true,
    "chestWeight": 2.0,
    "minChestStack": 2,
    "maxChestStack": 999,
    "fixedChestStack": 0,
    "isDestroyedOnRunEnded": false,
    "wandererWeaponGoldCost": 0,
    "wandererWeaponSlimeCost": 0,
    "plusLevel": 0
}