{
    "name": "Ghost in a bottle",
    "nameKey": "WANDERER_DLC/GHOST_IN_A_BOTTLE_NAME",
    "worldSpriteName": "DLC_Item_ICT_GhostInABottle",
    "description": "Evil spirit trapped inside of a glass bottle.",
    "descriptionKey": "WANDERER_DLC/GHOST_IN_A_BOTTLE_DESCRIPTION",
    "goldValue": 50000,
    "tier": 0,
    "culture": 8,
    "maxStack": 5,
    "canAppearInChest": false,
    "chestWeight": 1.0,
    "minChestStack": 1,
    "maxChestStack": 3,
    "fixedChestStack": 0,
    "isDestroyedOnRunEnded": false,
    "wandererWeaponGoldCost": 0,
    "wandererWeaponSlimeCost": 0,
    "plusLevel": 0
}