{
    "name": "Glass Lenses",
    "nameKey": "ITEMS/GLASS_LENSES_NAME",
    "worldSpriteName": "item_glass_lens_02",
    "description": "Able to focus magic beams.",
    "descriptionKey": "ITEMS/GLASS_LENSES_DESCRIPTION",
    "goldValue": 100,
    "tier": 3,
    "culture": 1,
    "maxStack": 999,
    "canAppearInChest": false,
    "chestWeight": 0.0,
    "minChestStack": 1,
    "maxChestStack": 999,
    "fixedChestStack": 0,
    "isDestroyedOnRunEnded": false,
    "wandererWeaponGoldCost": 0,
    "wandererWeaponSlimeCost": 0,
    "plusLevel": 0
}