{
    "name": "Gold Runes",
    "nameKey": "ITEMS/GOLD_RUNES_NAME",
    "worldSpriteName": "item_gold_runes",
    "description": "Somehow related to the construction of golems.",
    "descriptionKey": "ITEMS/GOLD_RUNES_DESCRIPTION",
    "goldValue": 300,
    "tier": 1,
    "culture": 1,
    "maxStack": 999,
    "canAppearInChest": true,
    "chestWeight": 1.0,
    "minChestStack": 1,
    "maxChestStack": 999,
    "fixedChestStack": 0,
    "isDestroyedOnRunEnded": false,
    "wandererWeaponGoldCost": 0,
    "wandererWeaponSlimeCost": 0,
    "plusLevel": 0
}