{
    "name": "Gold Feather",
    "nameKey": "WANDERER_DLC/GOLD_FEATHER_NAME",
    "worldSpriteName": "DLC_Item_ICT_GoldFeather",
    "description": "Feather from an unknown animal that keeps glowing after years separated from its owner.",
    "descriptionKey": "WANDERER_DLC/GOLD_FEATHER_DESCRIPTION",
    "goldValue": 50000,
    "tier": 0,
    "culture": 8,
    "maxStack": 5,
    "canAppearInChest": false,
    "chestWeight": 1.0,
    "minChestStack": 1,
    "maxChestStack": 3,
    "fixedChestStack": 0,
    "isDestroyedOnRunEnded": false,
    "wandererWeaponGoldCost": 0,
    "wandererWeaponSlimeCost": 0,
    "plusLevel": 0
}