{
    "name": "Gold Strands",
    "nameKey": "ITEMS/GOLD_STRANDS_NAME",
    "worldSpriteName": "Item_GoldStrands",
    "description": "",
    "descriptionKey": "ITEMS/GOLD_STRANDS_DESCRIPTION",
    "goldValue": 2100,
    "tier": 4,
    "culture": 4,
    "maxStack": 999,
    "canAppearInChest": false,
    "chestWeight": 0.0,
    "minChestStack": 1,
    "maxChestStack": 999,
    "fixedChestStack": 0,
    "isDestroyedOnRunEnded": false,
    "wandererWeaponGoldCost": 0,
    "wandererWeaponSlimeCost": 0,
    "plusLevel": 0
}