{
    "name": "Golem Core",
    "nameKey": "ITEMS/GOLEM_CORE_NAME",
    "worldSpriteName": "item_golem_core",
    "description": "\"Heart\" of a golem, the main element in a living statue.",
    "descriptionKey": "ITEMS/GOLEM_CORE_DESCRIPTION",
    "goldValue": 100,
    "tier": 3,
    "culture": 1,
    "maxStack": 999,
    "canAppearInChest": false,
    "chestWeight": 0.0,
    "minChestStack": 1,
    "maxChestStack": 999,
    "fixedChestStack": 0,
    "isDestroyedOnRunEnded": false,
    "wandererWeaponGoldCost": 0,
    "wandererWeaponSlimeCost": 0,
    "plusLevel": 0
}