{
    "name": "Golem Statue",
    "nameKey": "WANDERER_DLC/GOLEM_STATUE_NAME",
    "worldSpriteName": "DLC_Item_ChestItem_GolemStatue",
    "description": "A statue of the Golem King made out of rock chunks from the Golem Dungeon",
    "descriptionKey": "WANDERER_DLC/GOLEM_STATUE_DESCRIPTION",
    "goldValue": 21825,
    "tier": 0,
    "culture": 7,
    "maxStack": 5,
    "canAppearInChest": true,
    "chestWeight": 1.0,
    "minChestStack": 2,
    "maxChestStack": 5,
    "fixedChestStack": 0,
    "isDestroyedOnRunEnded": false,
    "wandererWeaponGoldCost": 0,
    "wandererWeaponSlimeCost": 0,
    "plusLevel": 0
}