{
    "name": "Golem Chisel",
    "nameKey": "ITEMS/GOLEM_CHISEL_NAME",
    "worldSpriteName": "item_GolemChisel",
    "description": "Tool necessary to shape the stones of Golems.",
    "descriptionKey": "ITEMS/GOLEM_CHISEL_DESCRIPTION",
    "goldValue": 500,
    "tier": 0,
    "culture": 1,
    "maxStack": 999,
    "canAppearInChest": true,
    "chestWeight": 1.0,
    "minChestStack": 1,
    "maxChestStack": 999,
    "fixedChestStack": 0,
    "isDestroyedOnRunEnded": false,
    "wandererWeaponGoldCost": 0,
    "wandererWeaponSlimeCost": 0,
    "plusLevel": 0
}