{
    "name": "Golem King Design",
    "nameKey": "ITEMS/GOLEM_KING_NOTES_NAME",
    "worldSpriteName": "Item_GolemKingDesign",
    "description": "",
    "descriptionKey": "ITEMS/GOLEM_KING_NOTES_DESCRIPTION",
    "goldValue": 2500,
    "tier": 0,
    "culture": 1,
    "maxStack": 999,
    "canAppearInChest": false,
    "chestWeight": 0.0,
    "minChestStack": 1,
    "maxChestStack": 999,
    "fixedChestStack": 0,
    "isDestroyedOnRunEnded": false,
    "wandererWeaponGoldCost": 0,
    "wandererWeaponSlimeCost": 0,
    "plusLevel": 0
}