{
    "name": "Golem Volume",
    "nameKey": "ITEMS/GOLEM_VOLUME_NAME",
    "worldSpriteName": "item_GolemKnowledgeBook",
    "description": "Printed in a strange and beautiful alphabet.",
    "descriptionKey": "ITEMS/GOLEM_VOLUME_DESCRIPTION",
    "goldValue": 400,
    "tier": 0,
    "culture": 1,
    "maxStack": 999,
    "canAppearInChest": true,
    "chestWeight": 1.0,
    "minChestStack": 1,
    "maxChestStack": 999,
    "fixedChestStack": 0,
    "isDestroyedOnRunEnded": false,
    "wandererWeaponGoldCost": 0,
    "wandererWeaponSlimeCost": 0,
    "plusLevel": 0
}