{
    "name": "Hardened Steel Chestplate",
    "nameKey": "ITEMS/STEEL_CHESTPLATE_NAME",
    "worldSpriteName": "item_armor_reinforced_chest",
    "description": "Chestplate crafted with the hardest steel ",
    "descriptionKey": "ITEMS/STEEL_CHESTPLATE_DESCRIPTION",
    "goldValue": 4000,
    "tier": 4,
    "culture": 0,
    "maxStack": 999,
    "canAppearInChest": false,
    "chestWeight": 0.0,
    "minChestStack": 1,
    "maxChestStack": 999,
    "fixedChestStack": 0,
    "isDestroyedOnRunEnded": false,
    "wandererWeaponGoldCost": 0,
    "wandererWeaponSlimeCost": 0,
    "plusLevel": 0,
    "inGameArtPrefabName": "SteelChestplate",
    "inGameExtraPieceArtPrefabName": "",
    "extraPieceBaseColor1": {
        "r": 0.0,
        "g": 0.0,
        "b": 0.0,
        "a": 0.0
    },
    "extraPieceBaseColor2": {
        "r": 0.0,
        "g": 0.0,
        "b": 0.0,
        "a": 0.0
    },
    "extraPieceBaseColor3": {
        "r": 0.0,
        "g": 0.0,
        "b": 0.0,
        "a": 0.0
    },
    "extraPieceFinalColor1": {
        "r": 0.0,
        "g": 0.0,
        "b": 0.0,
        "a": 0.0
    },
    "extraPieceFinalColor2": {
        "r": 0.0,
        "g": 0.0,
        "b": 0.0,
        "a": 0.0
    },
    "extraPieceFinalColor3": {
        "r": 0.0,
        "g": 0.0,
        "b": 0.0,
        "a": 0.0
    },
    "equipmentSlot": 1,
    "stats": {
        "health": 50,
        "strength": 0,
        "armor": 0,
        "speed": -4,
        "intelligence": 0
    }
}