{
    "name": "Hardened Steel",
    "nameKey": "ITEMS/HARDENED_STEEL_NAME",
    "worldSpriteName": "item_reinforced_steel_01",
    "description": "Hardened steel which is a key material in the golems' structure.",
    "descriptionKey": "ITEMS/HARDENED_STEEL_DESCRIPTION",
    "goldValue": 300,
    "tier": 1,
    "culture": 1,
    "maxStack": 999,
    "canAppearInChest": true,
    "chestWeight": 1.5,
    "minChestStack": 1,
    "maxChestStack": 999,
    "fixedChestStack": 0,
    "isDestroyedOnRunEnded": false,
    "wandererWeaponGoldCost": 0,
    "wandererWeaponSlimeCost": 0,
    "plusLevel": 0
}