{
    "name": "Heavy Metal Plates",
    "nameKey": "WANDERER_DLC/HEAVY_METAL_PLATES_NAME",
    "worldSpriteName": "DLC_Item_EnemyResource_HeavyMetalFlame",
    "description": "Scratched metal plates from and old armor.",
    "descriptionKey": "WANDERER_DLC/HEAVY_METAL_PLATES_DESCRIPTION",
    "goldValue": 4275,
    "tier": 3,
    "culture": 7,
    "maxStack": 10,
    "canAppearInChest": false,
    "chestWeight": 1.0,
    "minChestStack": 1,
    "maxChestStack": 3,
    "fixedChestStack": 0,
    "isDestroyedOnRunEnded": false,
    "wandererWeaponGoldCost": 0,
    "wandererWeaponSlimeCost": 0,
    "plusLevel": 0
}