{
    "name": "HP Potion VI",
    "nameKey": "WANDERER_DLC/HP_POTION_VI_NAME",
    "worldSpriteName": "Item_Potion_Heal_VI",
    "description": "Heals 40 health points",
    "descriptionKey": "WANDERER_DLC/HP_POTION_VI_DESCRIPTION",
    "goldValue": 13000,
    "tier": 0,
    "culture": 0,
    "maxStack": 5,
    "canAppearInChest": true,
    "chestWeight": 1.0,
    "minChestStack": 1,
    "maxChestStack": 5,
    "fixedChestStack": 0,
    "isDestroyedOnRunEnded": false,
    "wandererWeaponGoldCost": 0,
    "wandererWeaponSlimeCost": 0,
    "plusLevel": 0,
    "inGameArtPrefabName": "",
    "inGameExtraPieceArtPrefabName": "",
    "extraPieceBaseColor1": {
        "r": 0.0,
        "g": 0.0,
        "b": 0.0,
        "a": 0.0
    },
    "extraPieceBaseColor2": {
        "r": 0.0,
        "g": 0.0,
        "b": 0.0,
        "a": 0.0
    },
    "extraPieceBaseColor3": {
        "r": 0.0,
        "g": 0.0,
        "b": 0.0,
        "a": 0.0
    },
    "extraPieceFinalColor1": {
        "r": 0.0,
        "g": 0.0,
        "b": 0.0,
        "a": 0.0
    },
    "extraPieceFinalColor2": {
        "r": 0.0,
        "g": 0.0,
        "b": 0.0,
        "a": 0.0
    },
    "extraPieceFinalColor3": {
        "r": 0.0,
        "g": 0.0,
        "b": 0.0,
        "a": 0.0
    },
    "equipmentSlot": 5,
    "stats": {
        "health": 0,
        "strength": 0,
        "armor": 0,
        "speed": 0,
        "intelligence": 0
    },
    "consumableEffectName": "HPPotionVI"
}