{
    "name": "Inflamable Liquid",
    "nameKey": "ITEMS/INFLAMABLE_LIQUID_NAME",
    "worldSpriteName": "Item_InflamableLiquid",
    "description": "Liquid used to start ignition in small counduicts",
    "descriptionKey": "ITEMS/INFLAMABLE_LIQUID_DESCRIPTION",
    "goldValue": 4500,
    "tier": 1,
    "culture": 3,
    "maxStack": 999,
    "canAppearInChest": true,
    "chestWeight": 1.0,
    "minChestStack": 1,
    "maxChestStack": 999,
    "fixedChestStack": 0,
    "isDestroyedOnRunEnded": false,
    "wandererWeaponGoldCost": 0,
    "wandererWeaponSlimeCost": 0,
    "plusLevel": 0
}