{
    "name": "Insulating Dust",
    "nameKey": "ITEMS/INSULATING_DUST_NAME",
    "worldSpriteName": "Item_InsulatingDust",
    "description": "Dust used to insulate conduit from heat",
    "descriptionKey": "ITEMS/INSULATING_DUST_DESCRIPTION",
    "goldValue": 2050,
    "tier": 3,
    "culture": 3,
    "maxStack": 999,
    "canAppearInChest": false,
    "chestWeight": 0.0,
    "minChestStack": 1,
    "maxChestStack": 999,
    "fixedChestStack": 0,
    "isDestroyedOnRunEnded": false,
    "wandererWeaponGoldCost": 0,
    "wandererWeaponSlimeCost": 0,
    "plusLevel": 0
}