{
    "name": "Iron Bar",
    "nameKey": "ITEMS/IRON_BAR_NAME",
    "worldSpriteName": "IronBar",
    "description": "Strong and malleable. Useful to craft a wide range of weapons.",
    "descriptionKey": "ITEMS/IRON_BAR_DESCRIPTION",
    "goldValue": 25,
    "tier": 4,
    "culture": 1,
    "maxStack": 999,
    "canAppearInChest": false,
    "chestWeight": 0.0,
    "minChestStack": 1,
    "maxChestStack": 999,
    "fixedChestStack": 0,
    "isDestroyedOnRunEnded": false,
    "wandererWeaponGoldCost": 0,
    "wandererWeaponSlimeCost": 0,
    "plusLevel": 0
}