{
    "name": "Jewels",
    "nameKey": "WANDERER_DLC/JEWELS_NAME",
    "worldSpriteName": "DLC_Item_ChestItem_Jewels",
    "description": "Different jewels crafted following totally different methods, even the nature of stones in them are varied.",
    "descriptionKey": "WANDERER_DLC/JEWELS_DESCRIPTION",
    "goldValue": 18075,
    "tier": 1,
    "culture": 7,
    "maxStack": 5,
    "canAppearInChest": true,
    "chestWeight": 1.0,
    "minChestStack": 2,
    "maxChestStack": 5,
    "fixedChestStack": 0,
    "isDestroyedOnRunEnded": false,
    "wandererWeaponGoldCost": 0,
    "wandererWeaponSlimeCost": 0,
    "plusLevel": 0
}