{
    "name": "Life Fluid",
    "nameKey": "ITEMS/LIFE_FLUID_NAME",
    "worldSpriteName": "Item_LifeFluid",
    "description": "Fluid that grants life to static plants.",
    "descriptionKey": "ITEMS/LIFE_FLUID_DESCRIPTION",
    "goldValue": 400,
    "tier": 3,
    "culture": 2,
    "maxStack": 999,
    "canAppearInChest": false,
    "chestWeight": 0.0,
    "minChestStack": 1,
    "maxChestStack": 999,
    "fixedChestStack": 0,
    "isDestroyedOnRunEnded": false,
    "wandererWeaponGoldCost": 0,
    "wandererWeaponSlimeCost": 0,
    "plusLevel": 0
}