{
    "name": "Light Essence",
    "nameKey": "ITEMS/LIGHT_ESSENCE_NAME",
    "worldSpriteName": "Item_LightEssence",
    "description": "Liquid emitting constant light when touching a living thing.",
    "descriptionKey": "ITEMS/LIGHT_ESSENCE_DESCRIPTION",
    "goldValue": 400,
    "tier": 3,
    "culture": 2,
    "maxStack": 999,
    "canAppearInChest": false,
    "chestWeight": 0.0,
    "minChestStack": 1,
    "maxChestStack": 999,
    "fixedChestStack": 0,
    "isDestroyedOnRunEnded": false,
    "wandererWeaponGoldCost": 0,
    "wandererWeaponSlimeCost": 0,
    "plusLevel": 0
}