{
    "name": "Light Power Crystal",
    "nameKey": "WANDERER_DLC/LIGHT_POWER_CRYSTAL_NAME",
    "worldSpriteName": "DLC_Item_ICT_LightPowerCrystal",
    "description": "A crystal similar to the ones in the Golem Dungeon but with even more energy and light in it.",
    "descriptionKey": "WANDERER_DLC/LIGHT_POWER_CRYSTAL_DESCRIPTION",
    "goldValue": 50000,
    "tier": 0,
    "culture": 8,
    "maxStack": 5,
    "canAppearInChest": false,
    "chestWeight": 1.0,
    "minChestStack": 1,
    "maxChestStack": 5,
    "fixedChestStack": 0,
    "isDestroyedOnRunEnded": false,
    "wandererWeaponGoldCost": 0,
    "wandererWeaponSlimeCost": 0,
    "plusLevel": 0
}