{
    "name": "Magic Mushroom",
    "nameKey": "ITEMS/MAGIC_MUSHROOM_NAME",
    "worldSpriteName": "item_MagicMushroom",
    "description": "Glowing mushrooms that create a random effect when eaten.",
    "descriptionKey": "ITEMS/MAGIC_MUSHROOM_DESCRIPTION",
    "goldValue": 60,
    "tier": 4,
    "culture": 2,
    "maxStack": 999,
    "canAppearInChest": false,
    "chestWeight": 0.0,
    "minChestStack": 1,
    "maxChestStack": 999,
    "fixedChestStack": 0,
    "isDestroyedOnRunEnded": false,
    "wandererWeaponGoldCost": 0,
    "wandererWeaponSlimeCost": 0,
    "plusLevel": 0
}