{
    "name": "Magic Wood",
    "nameKey": "ITEMS/MAGIC_WOOD_NAME",
    "worldSpriteName": "Item_MagicWood",
    "description": "Wood infused with magic, capable of resisting magical strikes.",
    "descriptionKey": "ITEMS/MAGIC_WOOD_DESCRIPTION",
    "goldValue": 100,
    "tier": 4,
    "culture": 2,
    "maxStack": 999,
    "canAppearInChest": false,
    "chestWeight": 0.0,
    "minChestStack": 1,
    "maxChestStack": 999,
    "fixedChestStack": 0,
    "isDestroyedOnRunEnded": false,
    "wandererWeaponGoldCost": 0,
    "wandererWeaponSlimeCost": 0,
    "plusLevel": 0
}