{
    "name": "Magnetic Core",
    "nameKey": "ITEMS/MAGNETIC_CORE_NAME",
    "worldSpriteName": "Item_MagneticCore",
    "description": "Core found in the center of Desert Golems, seems to be magnetized",
    "descriptionKey": "ITEMS/MAGNETIC_CORE_DESCRIPTION",
    "goldValue": 300,
    "tier": 4,
    "culture": 3,
    "maxStack": 999,
    "canAppearInChest": false,
    "chestWeight": 0.0,
    "minChestStack": 1,
    "maxChestStack": 999,
    "fixedChestStack": 0,
    "isDestroyedOnRunEnded": false,
    "wandererWeaponGoldCost": 0,
    "wandererWeaponSlimeCost": 0,
    "plusLevel": 0
}