{
    "name": "Magnetic Tool",
    "nameKey": "ITEMS/MAGNETIC_TOOL_NAME",
    "worldSpriteName": "Item_MangeticTool",
    "description": "Tool used to create a magnetic field over a certain material with a chosen polarization",
    "descriptionKey": "ITEMS/MAGNETIC_TOOL_DESCRIPTION",
    "goldValue": 6500,
    "tier": 1,
    "culture": 3,
    "maxStack": 999,
    "canAppearInChest": true,
    "chestWeight": 1.0,
    "minChestStack": 1,
    "maxChestStack": 999,
    "fixedChestStack": 0,
    "isDestroyedOnRunEnded": false,
    "wandererWeaponGoldCost": 0,
    "wandererWeaponSlimeCost": 0,
    "plusLevel": 0
}