{
    "name": "Magnetite",
    "nameKey": "ITEMS/MAGNETITE_NAME",
    "worldSpriteName": "Item_Mangetite",
    "description": "Mineral used to magnetize other materials",
    "descriptionKey": "ITEMS/MAGNETITE_DESCRIPTION",
    "goldValue": 800,
    "tier": 3,
    "culture": 3,
    "maxStack": 999,
    "canAppearInChest": false,
    "chestWeight": 0.0,
    "minChestStack": 1,
    "maxChestStack": 999,
    "fixedChestStack": 0,
    "isDestroyedOnRunEnded": false,
    "wandererWeaponGoldCost": 0,
    "wandererWeaponSlimeCost": 0,
    "plusLevel": 0
}