{
    "name": "Mechanic Big Sword",
    "nameKey": "WANDERER_DLC/TRICK_MECHANIC_BIG_SWORD_NAME",
    "worldSpriteName": "mechanic_big_sword",
    "description": "Rusty sword made of different kinds of Rocks. Designed to crush enemies instead of cutting them.",
    "descriptionKey": "WANDERER_DLC/TRICK_MECHANIC_BIG_SWORD_DESCRIPTION",
    "goldValue": 0,
    "tier": 3,
    "culture": 7,
    "maxStack": 1,
    "canAppearInChest": false,
    "chestWeight": 0.0,
    "minChestStack": 1,
    "maxChestStack": 1,
    "fixedChestStack": 0,
    "isDestroyedOnRunEnded": true,
    "wandererWeaponGoldCost": 0,
    "wandererWeaponSlimeCost": 45,
    "plusLevel": 0,
    "inGameArtPrefabName": "Mechanic Big Sword",
    "inGameExtraPieceArtPrefabName": "",
    "extraPieceBaseColor1": {
        "r": 0.0,
        "g": 0.0,
        "b": 0.0,
        "a": 0.0
    },
    "extraPieceBaseColor2": {
        "r": 0.0,
        "g": 0.0,
        "b": 0.0,
        "a": 0.0
    },
    "extraPieceBaseColor3": {
        "r": 0.0,
        "g": 0.0,
        "b": 0.0,
        "a": 0.0
    },
    "extraPieceFinalColor1": {
        "r": 0.0,
        "g": 0.0,
        "b": 0.0,
        "a": 0.0
    },
    "extraPieceFinalColor2": {
        "r": 0.0,
        "g": 0.0,
        "b": 0.0,
        "a": 0.0
    },
    "extraPieceFinalColor3": {
        "r": 0.0,
        "g": 0.0,
        "b": 0.0,
        "a": 0.0
    },
    "equipmentSlot": 3,
    "stats": {
        "health": 0,
        "strength": 775,
        "armor": 0,
        "speed": -10,
        "intelligence": 0
    },
    "weaponType": 2,
    "mainAttackCooldown": 0.0,
    "secondaryAttackCooldown": 0.0,
    "mainAttackPushBackwardsForce": 675.0,
    "secondaryAttackPushBackwardsForce": 900.0,
    "secondaryAttackDamageMultiplier": 2.0,
    "mainAttackEffectCombo1": "TrainingAttackSparkles1",
    "mainAttackEffectCombo2": "TrainingAttackSparkles2",
    "mainAttackEffectCombo3": "TrainingAttackSparkles3",
    "secondaryAttackEffect": "SecondaryBigSword",
    "secondaryAttackChargedEffect": "",
    "missAttackEffect": "",
    "combatEffect": "",
    "trickAttackCooldown": 0.0,
    "trickAttackPushBackwardsForce": 0.0,
    "trickEffect": "MechanicBigSwordWeaponEffect",
    "arrowPrefabName": "",
    "minLevelToAppear": 4,
    "maxLevelToAppear": 9
}