{
    "name": "Mercury",
    "nameKey": "ITEMS/MERCURY_NAME",
    "worldSpriteName": "Item_Mercury",
    "description": "",
    "descriptionKey": "ITEMS/MERCURY_DESCRIPTION",
    "goldValue": 1550,
    "tier": 4,
    "culture": 4,
    "maxStack": 999,
    "canAppearInChest": false,
    "chestWeight": 0.0,
    "minChestStack": 1,
    "maxChestStack": 999,
    "fixedChestStack": 0,
    "isDestroyedOnRunEnded": false,
    "wandererWeaponGoldCost": 0,
    "wandererWeaponSlimeCost": 0,
    "plusLevel": 0
}