{
    "name": "Modified Seeds",
    "nameKey": "ITEMS/MODIFIED_SEEDS_NAME",
    "worldSpriteName": "Item_ModifiedSeeds",
    "description": "Seeds modified through experiments, said to create more resistant plants.",
    "descriptionKey": "ITEMS/MODIFIED_SEEDS_DESCRIPTION",
    "goldValue": 850,
    "tier": 2,
    "culture": 2,
    "maxStack": 999,
    "canAppearInChest": true,
    "chestWeight": 1.0,
    "minChestStack": 1,
    "maxChestStack": 999,
    "fixedChestStack": 0,
    "isDestroyedOnRunEnded": false,
    "wandererWeaponGoldCost": 0,
    "wandererWeaponSlimeCost": 0,
    "plusLevel": 0
}