{
    "name": "Monster Skull",
    "nameKey": "WANDERER_DLC/MONSTER_SKULL_NAME",
    "worldSpriteName": "DLC_Item_EnemyResource_MonsterSkull",
    "description": "The skull of an unknown beast.",
    "descriptionKey": "WANDERER_DLC/MONSTER_SKULL_DESCRIPTION",
    "goldValue": 2325,
    "tier": 4,
    "culture": 7,
    "maxStack": 10,
    "canAppearInChest": false,
    "chestWeight": 1.0,
    "minChestStack": 1,
    "maxChestStack": 3,
    "fixedChestStack": 0,
    "isDestroyedOnRunEnded": false,
    "wandererWeaponGoldCost": 0,
    "wandererWeaponSlimeCost": 0,
    "plusLevel": 0
}