{
    "name": "Morning Star Blueprint",
    "nameKey": "WANDERER_DLC/MORNING_STAR_BLUEPRINT_NAME",
    "worldSpriteName": "blueprint_bigsword",
    "description": "",
    "descriptionKey": "WANDERER_DLC/MORNING_STAR_BLUEPRINT_DESCRIPTION",
    "goldValue": 0,
    "tier": 4,
    "culture": 7,
    "maxStack": 1,
    "canAppearInChest": false,
    "chestWeight": 1.0,
    "minChestStack": 1,
    "maxChestStack": 3,
    "fixedChestStack": 0,
    "isDestroyedOnRunEnded": true,
    "wandererWeaponGoldCost": 0,
    "wandererWeaponSlimeCost": 0,
    "plusLevel": 0,
    "unlockedWeaponName": "Morning Star Big Sword",
    "slimeCost": 45
}