{
    "name": "Nutritive Water",
    "nameKey": "ITEMS/NUTRITIVE_WATER_NAME",
    "worldSpriteName": "Item_NutritiveWater",
    "description": "Soil which wrants the germination process of a plant.",
    "descriptionKey": "ITEMS/NUTRITIVE_WATER_DESCRIPTION",
    "goldValue": 1750,
    "tier": 1,
    "culture": 2,
    "maxStack": 999,
    "canAppearInChest": true,
    "chestWeight": 1.0,
    "minChestStack": 1,
    "maxChestStack": 999,
    "fixedChestStack": 0,
    "isDestroyedOnRunEnded": false,
    "wandererWeaponGoldCost": 0,
    "wandererWeaponSlimeCost": 0,
    "plusLevel": 0
}