{
    "name": "Obsidian Rock",
    "nameKey": "WANDERER_DLC/OBSIDIAN_ROCK_NAME",
    "worldSpriteName": "DLC_Item_ICT_ObsidianRock",
    "description": "Dark and shiny material obtained from cooling lava.",
    "descriptionKey": "WANDERER_DLC/OBSIDIAN_ROCK_DESCRIPTION",
    "goldValue": 50000,
    "tier": 0,
    "culture": 8,
    "maxStack": 5,
    "canAppearInChest": false,
    "chestWeight": 1.0,
    "minChestStack": 1,
    "maxChestStack": 5,
    "fixedChestStack": 0,
    "isDestroyedOnRunEnded": false,
    "wandererWeaponGoldCost": 0,
    "wandererWeaponSlimeCost": 0,
    "plusLevel": 0
}