{
    "name": "Old Bulb",
    "nameKey": "ITEMS/OLD_BULB_NAME",
    "worldSpriteName": "Item_OldBulb",
    "description": "Modified bulb of a living plant.",
    "descriptionKey": "ITEMS/OLD_BULB_DESCRIPTION",
    "goldValue": 2000,
    "tier": 0,
    "culture": 2,
    "maxStack": 999,
    "canAppearInChest": true,
    "chestWeight": 2.0,
    "minChestStack": 1,
    "maxChestStack": 999,
    "fixedChestStack": 0,
    "isDestroyedOnRunEnded": false,
    "wandererWeaponGoldCost": 0,
    "wandererWeaponSlimeCost": 0,
    "plusLevel": 0
}