{
    "name": "Petals",
    "nameKey": "ITEMS/PETALS_NAME",
    "worldSpriteName": "Item_Petals",
    "description": "Some petals harvested from different plants.",
    "descriptionKey": "ITEMS/PETALS_DESCRIPTION",
    "goldValue": 100,
    "tier": 4,
    "culture": 2,
    "maxStack": 999,
    "canAppearInChest": false,
    "chestWeight": 0.0,
    "minChestStack": 1,
    "maxChestStack": 999,
    "fixedChestStack": 0,
    "isDestroyedOnRunEnded": false,
    "wandererWeaponGoldCost": 0,
    "wandererWeaponSlimeCost": 0,
    "plusLevel": 0
}