{
    "name": "Plant Flesh",
    "nameKey": "ITEMS/PLANT_FLESH_NAME",
    "worldSpriteName": "Item_PlantFlesh",
    "description": "Fibre parts belonging to several plants, useful due its high fibre content.",
    "descriptionKey": "ITEMS/PLANT_FLESH_DESCRIPTION",
    "goldValue": 60,
    "tier": 4,
    "culture": 2,
    "maxStack": 999,
    "canAppearInChest": false,
    "chestWeight": 0.0,
    "minChestStack": 1,
    "maxChestStack": 999,
    "fixedChestStack": 0,
    "isDestroyedOnRunEnded": false,
    "wandererWeaponGoldCost": 0,
    "wandererWeaponSlimeCost": 0,
    "plusLevel": 0
}