{
    "name": "Plastic Film",
    "nameKey": "ITEMS/PLASTIC_FILM_NAME",
    "worldSpriteName": "Item_PlasticFilm",
    "description": "",
    "descriptionKey": "ITEMS/PLASTIC_FILM_DESCRIPTION",
    "goldValue": 2200,
    "tier": 4,
    "culture": 4,
    "maxStack": 999,
    "canAppearInChest": false,
    "chestWeight": 0.0,
    "minChestStack": 1,
    "maxChestStack": 999,
    "fixedChestStack": 0,
    "isDestroyedOnRunEnded": false,
    "wandererWeaponGoldCost": 0,
    "wandererWeaponSlimeCost": 0,
    "plusLevel": 0
}