{
    "name": "Plasma Charge",
    "nameKey": "WANDERER_DLC/PLASMA_CHARGE_NAME",
    "worldSpriteName": "DLC_Item_ICT_PlasmaCharge",
    "description": "An small metal and crystal box filled with a fluid similar to lava. ",
    "descriptionKey": "WANDERER_DLC/PLASMA_CHARGE_DESCRIPTION",
    "goldValue": 50000,
    "tier": 0,
    "culture": 8,
    "maxStack": 5,
    "canAppearInChest": false,
    "chestWeight": 1.0,
    "minChestStack": 1,
    "maxChestStack": 3,
    "fixedChestStack": 0,
    "isDestroyedOnRunEnded": false,
    "wandererWeaponGoldCost": 0,
    "wandererWeaponSlimeCost": 0,
    "plusLevel": 0
}