{
    "name": "Plastic Cloth",
    "nameKey": "WANDERER_DLC/PLASTIC_CLOTH_NAME",
    "worldSpriteName": "DLC_Item_EnemyResource_PlasticCloth",
    "description": "A cloth made out of plastic, really resistant and flexible cloth.",
    "descriptionKey": "WANDERER_DLC/PLASTIC_CLOTH_DESCRIPTION",
    "goldValue": 4275,
    "tier": 3,
    "culture": 7,
    "maxStack": 10,
    "canAppearInChest": false,
    "chestWeight": 1.0,
    "minChestStack": 1,
    "maxChestStack": 3,
    "fixedChestStack": 0,
    "isDestroyedOnRunEnded": false,
    "wandererWeaponGoldCost": 0,
    "wandererWeaponSlimeCost": 0,
    "plusLevel": 0
}