{
    "name": "Poison Treated Glass",
    "nameKey": "WANDERER_DLC/POISON_TREATED_GLASS_NAME",
    "worldSpriteName": "DLC_Item_ICT_PoisonTreatedGlass",
    "description": "A glass with a quimic treatment made to make it resistant to poison",
    "descriptionKey": "WANDERER_DLC/POISON_TREATED_GLASS_DESCRIPTION",
    "goldValue": 50000,
    "tier": 0,
    "culture": 8,
    "maxStack": 5,
    "canAppearInChest": false,
    "chestWeight": 1.0,
    "minChestStack": 1,
    "maxChestStack": 3,
    "fixedChestStack": 0,
    "isDestroyedOnRunEnded": false,
    "wandererWeaponGoldCost": 0,
    "wandererWeaponSlimeCost": 0,
    "plusLevel": 0
}