{
    "name": "Power Supply",
    "nameKey": "ITEMS/POWER_SUPPLY_NAME",
    "worldSpriteName": "Item_PowerSupply",
    "description": "",
    "descriptionKey": "ITEMS/POWER_SUPPLY_DESCRIPTION",
    "goldValue": 14550,
    "tier": 0,
    "culture": 4,
    "maxStack": 999,
    "canAppearInChest": true,
    "chestWeight": 1.0,
    "minChestStack": 1,
    "maxChestStack": 999,
    "fixedChestStack": 0,
    "isDestroyedOnRunEnded": false,
    "wandererWeaponGoldCost": 0,
    "wandererWeaponSlimeCost": 0,
    "plusLevel": 0
}