{
    "name": "Preserved Root",
    "nameKey": "ITEMS/PRESERVED_ROOT_NAME",
    "worldSpriteName": "Item_PreservedRoot",
    "description": "Old root really well conserved.",
    "descriptionKey": "ITEMS/PRESERVED_ROOT_DESCRIPTION",
    "goldValue": 600,
    "tier": 2,
    "culture": 2,
    "maxStack": 999,
    "canAppearInChest": true,
    "chestWeight": 1.0,
    "minChestStack": 1,
    "maxChestStack": 999,
    "fixedChestStack": 0,
    "isDestroyedOnRunEnded": false,
    "wandererWeaponGoldCost": 0,
    "wandererWeaponSlimeCost": 0,
    "plusLevel": 0
}