{
    "name": "Pure Acid",
    "nameKey": "ITEMS/PURE_ACID_NAME",
    "worldSpriteName": "Item_PureAcid",
    "description": "Corrosive acid thrown by enemies.",
    "descriptionKey": "ITEMS/PURE_ACID_DESCRIPTION",
    "goldValue": 400,
    "tier": 3,
    "culture": 2,
    "maxStack": 999,
    "canAppearInChest": false,
    "chestWeight": 0.0,
    "minChestStack": 1,
    "maxChestStack": 999,
    "fixedChestStack": 0,
    "isDestroyedOnRunEnded": false,
    "wandererWeaponGoldCost": 0,
    "wandererWeaponSlimeCost": 0,
    "plusLevel": 0
}