{
    "name": "Quest Item",
    "nameKey": "ITEMS/QUEST_ITEM_NAME",
    "worldSpriteName": "Item_Quest",
    "description": "An item dropped by a quest objective",
    "descriptionKey": "ITEMS/QUEST_ITEM_DESCRIPTION",
    "goldValue": 1,
    "tier": 0,
    "culture": 6,
    "maxStack": 999,
    "canAppearInChest": false,
    "chestWeight": 0.0,
    "minChestStack": 1,
    "maxChestStack": 999,
    "fixedChestStack": 0,
    "isDestroyedOnRunEnded": false,
    "wandererWeaponGoldCost": 0,
    "wandererWeaponSlimeCost": 0,
    "plusLevel": 0
}