{
    "name": "Resistant Glass",
    "nameKey": "ITEMS/RESISTANT_GLASS_NAME",
    "worldSpriteName": "Item_ResistantGlass",
    "description": "Raw heat insulated glass",
    "descriptionKey": "ITEMS/RESISTANT_GLASS_DESCRIPTION",
    "goldValue": 4300,
    "tier": 2,
    "culture": 3,
    "maxStack": 999,
    "canAppearInChest": true,
    "chestWeight": 1.0,
    "minChestStack": 1,
    "maxChestStack": 999,
    "fixedChestStack": 0,
    "isDestroyedOnRunEnded": false,
    "wandererWeaponGoldCost": 0,
    "wandererWeaponSlimeCost": 0,
    "plusLevel": 0
}