{
    "name": "Root",
    "nameKey": "ITEMS/ROOT_NAME",
    "worldSpriteName": "Root",
    "description": "The solid root of an underground plant.",
    "descriptionKey": "ITEMS/ROOT_DESCRIPTION",
    "goldValue": 5,
    "tier": 4,
    "culture": 1,
    "maxStack": 999,
    "canAppearInChest": false,
    "chestWeight": 0.0,
    "minChestStack": 1,
    "maxChestStack": 999,
    "fixedChestStack": 0,
    "isDestroyedOnRunEnded": false,
    "wandererWeaponGoldCost": 0,
    "wandererWeaponSlimeCost": 0,
    "plusLevel": 0
}