{
    "name": "Rune Tool",
    "nameKey": "ITEMS/RUNE_TOOL_NAME",
    "worldSpriteName": "item_rune_tool",
    "description": "Necessary to write runes on different metals.",
    "descriptionKey": "ITEMS/RUNE_TOOL_DESCRIPTION",
    "goldValue": 1500,
    "tier": 0,
    "culture": 1,
    "maxStack": 999,
    "canAppearInChest": true,
    "chestWeight": 1.0,
    "minChestStack": 1,
    "maxChestStack": 999,
    "fixedChestStack": 0,
    "isDestroyedOnRunEnded": false,
    "wandererWeaponGoldCost": 0,
    "wandererWeaponSlimeCost": 0,
    "plusLevel": 0
}