{
    "name": "Runic Bow II",
    "nameKey": "WANDERER_DLC/RUNIC_BOW_NAME_II",
    "worldSpriteName": "Runic_Bow",
    "description": "",
    "descriptionKey": "WANDERER_DLC/RUNIC_BOW_DESCRIPTION",
    "goldValue": 506000,
    "tier": 3,
    "culture": 0,
    "maxStack": 1,
    "canAppearInChest": false,
    "chestWeight": 0.0,
    "minChestStack": 1,
    "maxChestStack": 1,
    "fixedChestStack": 0,
    "isDestroyedOnRunEnded": false,
    "wandererWeaponGoldCost": 0,
    "wandererWeaponSlimeCost": 0,
    "plusLevel": 0,
    "inGameArtPrefabName": "Weapons/RunicBow",
    "inGameExtraPieceArtPrefabName": "",
    "extraPieceBaseColor1": {
        "r": 0.0,
        "g": 0.0,
        "b": 0.0,
        "a": 0.0
    },
    "extraPieceBaseColor2": {
        "r": 0.0,
        "g": 0.0,
        "b": 0.0,
        "a": 0.0
    },
    "extraPieceBaseColor3": {
        "r": 0.0,
        "g": 0.0,
        "b": 0.0,
        "a": 0.0
    },
    "extraPieceFinalColor1": {
        "r": 0.0,
        "g": 0.0,
        "b": 0.0,
        "a": 0.0
    },
    "extraPieceFinalColor2": {
        "r": 0.0,
        "g": 0.0,
        "b": 0.0,
        "a": 0.0
    },
    "extraPieceFinalColor3": {
        "r": 0.0,
        "g": 0.0,
        "b": 0.0,
        "a": 0.0
    },
    "equipmentSlot": 3,
    "stats": {
        "health": 0,
        "strength": 720,
        "armor": 0,
        "speed": 0,
        "intelligence": 0
    },
    "weaponType": 5,
    "mainAttackCooldown": 0.0,
    "secondaryAttackCooldown": 0.0,
    "mainAttackPushBackwardsForce": 100.0,
    "secondaryAttackPushBackwardsForce": 200.0,
    "secondaryAttackDamageMultiplier": 2.0,
    "mainAttackEffectCombo1": "TrainingBowAttackSparkles",
    "mainAttackEffectCombo2": "TrainingBowAttackSparkles",
    "mainAttackEffectCombo3": "TrainingBowAttackSparkles",
    "secondaryAttackEffect": "TrainingBowAttackSparklesSecondary",
    "secondaryAttackChargedEffect": "",
    "missAttackEffect": "",
    "combatEffect": "",
    "arrowPrefabName": "RunicBowArrow",
    "mainAttackArrowReackTime": 0.0,
    "secondaryAttackArrowReachTime": 0.0
}