{
    "name": "Shock Absorb Material",
    "nameKey": "WANDERER_DLC/SHOCK_ABSORB_MATERIAL_NAME",
    "worldSpriteName": "DLC_Item_ICT_ShockAbsorbMaterial",
    "description": "A chunk of material used to protect more valuable things from shocks and crashes.",
    "descriptionKey": "WANDERER_DLC/SHOCK_ABSORB_MATERIAL_DESCRIPTION",
    "goldValue": 50000,
    "tier": 0,
    "culture": 8,
    "maxStack": 5,
    "canAppearInChest": false,
    "chestWeight": 1.0,
    "minChestStack": 1,
    "maxChestStack": 5,
    "fixedChestStack": 0,
    "isDestroyedOnRunEnded": false,
    "wandererWeaponGoldCost": 0,
    "wandererWeaponSlimeCost": 0,
    "plusLevel": 0
}