{
    "name": "Slime Drop",
    "nameKey": "WANDERER_DLC/SLIME_DROP_NAME",
    "worldSpriteName": "slime_drop_world",
    "description": "",
    "descriptionKey": "WANDERER_DLC/SLIME_DROP_DESCRIPTION",
    "goldValue": 0,
    "tier": 4,
    "culture": 7,
    "maxStack": 100,
    "canAppearInChest": false,
    "chestWeight": 1.0,
    "minChestStack": 1,
    "maxChestStack": 3,
    "fixedChestStack": 0,
    "isDestroyedOnRunEnded": false,
    "wandererWeaponGoldCost": 0,
    "wandererWeaponSlimeCost": 0,
    "plusLevel": 0,
    "inGameArtPrefabName": "",
    "inGameExtraPieceArtPrefabName": "",
    "extraPieceBaseColor1": {
        "r": 0.0,
        "g": 0.0,
        "b": 0.0,
        "a": 0.0
    },
    "extraPieceBaseColor2": {
        "r": 0.0,
        "g": 0.0,
        "b": 0.0,
        "a": 0.0
    },
    "extraPieceBaseColor3": {
        "r": 0.0,
        "g": 0.0,
        "b": 0.0,
        "a": 0.0
    },
    "extraPieceFinalColor1": {
        "r": 0.0,
        "g": 0.0,
        "b": 0.0,
        "a": 0.0
    },
    "extraPieceFinalColor2": {
        "r": 0.0,
        "g": 0.0,
        "b": 0.0,
        "a": 0.0
    },
    "extraPieceFinalColor3": {
        "r": 0.0,
        "g": 0.0,
        "b": 0.0,
        "a": 0.0
    },
    "equipmentSlot": 0,
    "stats": {
        "health": 0,
        "strength": 0,
        "armor": 0,
        "speed": 0,
        "intelligence": 0
    },
    "consumableEffectName": "SlimeDrop"
}