{
    "name": "Small Spectral Flame",
    "nameKey": "WANDERER_DLC/SMALL_SPECTRAL_FLAME_NAME",
    "worldSpriteName": "DLC_Item_EnemyResource_SmallSpectralFlame",
    "description": "The flame of a ghost from other dimension. Beautiful and ephemeral.",
    "descriptionKey": "WANDERER_DLC/SMALL_SPECTRAL_FLAME_DESCRIPTION",
    "goldValue": 4275,
    "tier": 3,
    "culture": 7,
    "maxStack": 10,
    "canAppearInChest": false,
    "chestWeight": 1.0,
    "minChestStack": 1,
    "maxChestStack": 3,
    "fixedChestStack": 0,
    "isDestroyedOnRunEnded": false,
    "wandererWeaponGoldCost": 0,
    "wandererWeaponSlimeCost": 0,
    "plusLevel": 0
}