{
    "name": "Soldering Iron",
    "nameKey": "ITEMS/SOLDERING_IRON_NAME",
    "worldSpriteName": "Item_SolderingIron",
    "description": "Heat powered gun powerful enough to weld desert steel joints",
    "descriptionKey": "ITEMS/SOLDERING_IRON_DESCRIPTION",
    "goldValue": 5350,
    "tier": 1,
    "culture": 3,
    "maxStack": 999,
    "canAppearInChest": true,
    "chestWeight": 1.0,
    "minChestStack": 1,
    "maxChestStack": 999,
    "fixedChestStack": 0,
    "isDestroyedOnRunEnded": false,
    "wandererWeaponGoldCost": 0,
    "wandererWeaponSlimeCost": 0,
    "plusLevel": 0
}