{
    "name": "SpectralSconce",
    "nameKey": "WANDERER_DLC/DECORATION_MERCHANT_SPECTRAL_SCONCE_NAME",
    "worldSpriteName": "spectral_sconce",
    "description": "decoration",
    "descriptionKey": "WANDERER_DLC/DECORATION_MERCHANT_SPECTRAL_SCONCE_DESCRIPTION",
    "goldValue": 60000,
    "tier": 0,
    "culture": 7,
    "maxStack": 1,
    "canAppearInChest": false,
    "chestWeight": 0.0,
    "minChestStack": 1,
    "maxChestStack": 1,
    "fixedChestStack": 0,
    "isDestroyedOnRunEnded": false,
    "wandererWeaponGoldCost": 0,
    "wandererWeaponSlimeCost": 0,
    "plusLevel": 0,
    "inGameArtPrefabName": "",
    "inGameExtraPieceArtPrefabName": "",
    "extraPieceBaseColor1": {
        "r": 0.0,
        "g": 0.0,
        "b": 0.0,
        "a": 0.0
    },
    "extraPieceBaseColor2": {
        "r": 0.0,
        "g": 0.0,
        "b": 0.0,
        "a": 0.0
    },
    "extraPieceBaseColor3": {
        "r": 0.0,
        "g": 0.0,
        "b": 0.0,
        "a": 0.0
    },
    "extraPieceFinalColor1": {
        "r": 0.0,
        "g": 0.0,
        "b": 0.0,
        "a": 0.0
    },
    "extraPieceFinalColor2": {
        "r": 0.0,
        "g": 0.0,
        "b": 0.0,
        "a": 0.0
    },
    "extraPieceFinalColor3": {
        "r": 0.0,
        "g": 0.0,
        "b": 0.0,
        "a": 0.0
    },
    "equipmentSlot": 0,
    "stats": {
        "health": 0,
        "strength": 0,
        "armor": 0,
        "speed": 0,
        "intelligence": 0
    },
    "consumableEffectName": "",
    "decorativePrefabName": "SpectralSconcePrefab",
    "place": 0,
    "isFromBoss": false,
    "shopStats": {
        "fasterWalkers": 0.0,
        "generousCustomers": 0.20000000298023225,
        "repelThieves": 0.0,
        "luxury": 0.0,
        "longerDays": 0.0,
        "patientCustomers": 0.0,
        "hagglersReducedItems": 0.0,
        "overcapacity": 0.0,
        "delay": 0.0
    }
}