{
    "name": "Speed Powder",
    "nameKey": "ITEMS/SPEED_POWDER_NAME",
    "worldSpriteName": "Item_SpeedPowder",
    "description": "Makes plant grow incredibly fast.",
    "descriptionKey": "ITEMS/SPEED_POWDER_DESCRIPTION",
    "goldValue": 2000,
    "tier": 0,
    "culture": 2,
    "maxStack": 999,
    "canAppearInChest": true,
    "chestWeight": 1.0,
    "minChestStack": 1,
    "maxChestStack": 999,
    "fixedChestStack": 0,
    "isDestroyedOnRunEnded": false,
    "wandererWeaponGoldCost": 0,
    "wandererWeaponSlimeCost": 0,
    "plusLevel": 0
}