{
    "name": "Spore Sword Blueprint",
    "nameKey": "WANDERER_DLC/SPORE_SWORD_BLUEPRINT",
    "worldSpriteName": "blueprint_ss",
    "description": "",
    "descriptionKey": "WANDERER_DLC/SPORE_SWORD_BLUEPRINT_DESCRIPTION",
    "goldValue": 0,
    "tier": 4,
    "culture": 7,
    "maxStack": 1,
    "canAppearInChest": false,
    "chestWeight": 1.0,
    "minChestStack": 1,
    "maxChestStack": 3,
    "fixedChestStack": 0,
    "isDestroyedOnRunEnded": true,
    "wandererWeaponGoldCost": 0,
    "wandererWeaponSlimeCost": 0,
    "plusLevel": 0,
    "unlockedWeaponName": "Spore Sword",
    "slimeCost": 45
}