{
    "name": "Staff Spear Blueprint",
    "nameKey": "WANDERER_DLC/STAFF_SPEAR_BLUEPRINT_NAME",
    "worldSpriteName": "blueprint_spear",
    "description": "",
    "descriptionKey": "WANDERER_DLC/STAFF_SPEAR_BLUEPRINT_DESCRIPTION",
    "goldValue": 0,
    "tier": 4,
    "culture": 7,
    "maxStack": 1,
    "canAppearInChest": false,
    "chestWeight": 1.0,
    "minChestStack": 1,
    "maxChestStack": 3,
    "fixedChestStack": 0,
    "isDestroyedOnRunEnded": true,
    "wandererWeaponGoldCost": 0,
    "wandererWeaponSlimeCost": 0,
    "plusLevel": 0,
    "unlockedWeaponName": "Staff Spear",
    "slimeCost": 145
}