{
    "name": "Storm Big Sword",
    "nameKey": "ITEMS/STORM_BIG_SWORD_NAME",
    "worldSpriteName": "storm_big sword",
    "description": "Rusty sword made of different kinds of Rocks. Designed to crush enemies instead of cutting them.",
    "descriptionKey": "ITEMS/STORM_BIG_SWORD_DESCRIPTION",
    "goldValue": 128000,
    "tier": 3,
    "culture": 0,
    "maxStack": 999,
    "canAppearInChest": false,
    "chestWeight": 0.0,
    "minChestStack": 1,
    "maxChestStack": 999,
    "fixedChestStack": 0,
    "isDestroyedOnRunEnded": false,
    "wandererWeaponGoldCost": 0,
    "wandererWeaponSlimeCost": 0,
    "plusLevel": 0,
    "inGameArtPrefabName": "Storm Big Sword",
    "inGameExtraPieceArtPrefabName": "",
    "extraPieceBaseColor1": {
        "r": 0.0,
        "g": 0.0,
        "b": 0.0,
        "a": 0.0
    },
    "extraPieceBaseColor2": {
        "r": 0.0,
        "g": 0.0,
        "b": 0.0,
        "a": 0.0
    },
    "extraPieceBaseColor3": {
        "r": 0.0,
        "g": 0.0,
        "b": 0.0,
        "a": 0.0
    },
    "extraPieceFinalColor1": {
        "r": 0.0,
        "g": 0.0,
        "b": 0.0,
        "a": 0.0
    },
    "extraPieceFinalColor2": {
        "r": 0.0,
        "g": 0.0,
        "b": 0.0,
        "a": 0.0
    },
    "extraPieceFinalColor3": {
        "r": 0.0,
        "g": 0.0,
        "b": 0.0,
        "a": 0.0
    },
    "equipmentSlot": 3,
    "stats": {
        "health": 0,
        "strength": 375,
        "armor": 0,
        "speed": -10,
        "intelligence": 0
    },
    "weaponType": 2,
    "mainAttackCooldown": 0.0,
    "secondaryAttackCooldown": 0.0,
    "mainAttackPushBackwardsForce": 675.0,
    "secondaryAttackPushBackwardsForce": 900.0,
    "secondaryAttackDamageMultiplier": 2.0,
    "mainAttackEffectCombo1": "TrainingAttackSparkles1",
    "mainAttackEffectCombo2": "TrainingAttackSparkles2",
    "mainAttackEffectCombo3": "SecondaryBigSword",
    "secondaryAttackEffect": "TrainingDefenseSparkles",
    "secondaryAttackChargedEffect": "",
    "missAttackEffect": "",
    "combatEffect": "ElectrifiedEffect"
}