{
    "name": "Straw",
    "nameKey": "ITEMS/STRAW_NAME",
    "worldSpriteName": "Item_Straw",
    "description": "Straw used as insulation to corrosive liquids.",
    "descriptionKey": "ITEMS/STRAW_DESCRIPTION",
    "goldValue": 500,
    "tier": 2,
    "culture": 2,
    "maxStack": 999,
    "canAppearInChest": true,
    "chestWeight": 1.0,
    "minChestStack": 1,
    "maxChestStack": 999,
    "fixedChestStack": 0,
    "isDestroyedOnRunEnded": false,
    "wandererWeaponGoldCost": 0,
    "wandererWeaponSlimeCost": 0,
    "plusLevel": 0
}