{
    "name": "Tech Explosive",
    "nameKey": "WANDERER_DLC/TECH_EXPLOSIVE_NAME",
    "worldSpriteName": "DLC_Item_ICT_TechExplosive",
    "description": "A high quality explosive, kept inactive so far...",
    "descriptionKey": "WANDERER_DLC/TECH_EXPLOSIVE_DESCRIPTION",
    "goldValue": 50000,
    "tier": 0,
    "culture": 8,
    "maxStack": 5,
    "canAppearInChest": false,
    "chestWeight": 1.0,
    "minChestStack": 1,
    "maxChestStack": 3,
    "fixedChestStack": 0,
    "isDestroyedOnRunEnded": false,
    "wandererWeaponGoldCost": 0,
    "wandererWeaponSlimeCost": 0,
    "plusLevel": 0
}