{
    "name": "Tech History II",
    "nameKey": "ITEMS/TECH_HISTORY_II_NAME",
    "worldSpriteName": "Item_TechHistoryII",
    "description": "Notes with information about plants and tests made with them.",
    "descriptionKey": "ITEMS/TECH_HISTORY_II_DESCRIPTION",
    "goldValue": 40000,
    "tier": 0,
    "culture": 4,
    "maxStack": 999,
    "canAppearInChest": false,
    "chestWeight": 1.0,
    "minChestStack": 1,
    "maxChestStack": 999,
    "fixedChestStack": 0,
    "isDestroyedOnRunEnded": false,
    "wandererWeaponGoldCost": 0,
    "wandererWeaponSlimeCost": 0,
    "plusLevel": 0
}