{
    "name": "Tech Recycled Metal Ball",
    "nameKey": "WANDERER_DLC/TECH_RECYCLED_METAL_BALL_NAME",
    "worldSpriteName": "DLC_Item_ChestItem_TechRecycledMetalBall",
    "description": "A recycled ball of different metals from the Tech Dungeon, its details resemble the Energy Flux from the Tech Dungeon",
    "descriptionKey": "WANDERER_DLC/TECH_RECYCLED_METAL_BALL_DESCRIPTION",
    "goldValue": 21825,
    "tier": 0,
    "culture": 7,
    "maxStack": 5,
    "canAppearInChest": true,
    "chestWeight": 1.0,
    "minChestStack": 2,
    "maxChestStack": 5,
    "fixedChestStack": 0,
    "isDestroyedOnRunEnded": false,
    "wandererWeaponGoldCost": 0,
    "wandererWeaponSlimeCost": 0,
    "plusLevel": 0
}