{
    "name": "Tesla Coil Engine",
    "nameKey": "ITEMS/TESLA_COIL_NAME",
    "worldSpriteName": "Item_TeslaCoilEngine",
    "description": "",
    "descriptionKey": "ITEMS/TESLA_COIL_DESCRIPTION",
    "goldValue": 5000,
    "tier": 3,
    "culture": 4,
    "maxStack": 999,
    "canAppearInChest": false,
    "chestWeight": 0.0,
    "minChestStack": 1,
    "maxChestStack": 999,
    "fixedChestStack": 0,
    "isDestroyedOnRunEnded": false,
    "wandererWeaponGoldCost": 0,
    "wandererWeaponSlimeCost": 0,
    "plusLevel": 0
}