{
    "name": "Thermo Magnetic Engine",
    "nameKey": "ITEMS/THERMO_MAGNETIC_ENGINE_NAME",
    "worldSpriteName": "Item_ThermoMagneticEngine",
    "description": "Engine that transform heat energy in magnetic waves",
    "descriptionKey": "ITEMS/THERMO_MAGNETIC_ENGINE_DESCRIPTION",
    "goldValue": 9200,
    "tier": 0,
    "culture": 3,
    "maxStack": 999,
    "canAppearInChest": true,
    "chestWeight": 2.0,
    "minChestStack": 1,
    "maxChestStack": 999,
    "fixedChestStack": 0,
    "isDestroyedOnRunEnded": false,
    "wandererWeaponGoldCost": 0,
    "wandererWeaponSlimeCost": 0,
    "plusLevel": 0
}