{
    "name": "Thief Gloves",
    "nameKey": "WANDERER_DLC/TRICK_THIEF_GLOVES_NAME",
    "worldSpriteName": "thief_gloves",
    "description": "",
    "descriptionKey": "WANDERER_DLC/TRICK_THIEF_GLOVES_DESCRIPTION",
    "goldValue": 0,
    "tier": 3,
    "culture": 7,
    "maxStack": 1,
    "canAppearInChest": false,
    "chestWeight": 0.0,
    "minChestStack": 1,
    "maxChestStack": 1,
    "fixedChestStack": 0,
    "isDestroyedOnRunEnded": true,
    "wandererWeaponGoldCost": 0,
    "wandererWeaponSlimeCost": 45,
    "plusLevel": 0,
    "inGameArtPrefabName": "Thief Gloves",
    "inGameExtraPieceArtPrefabName": "",
    "extraPieceBaseColor1": {
        "r": 0.0,
        "g": 0.0,
        "b": 0.0,
        "a": 0.0
    },
    "extraPieceBaseColor2": {
        "r": 0.0,
        "g": 0.0,
        "b": 0.0,
        "a": 0.0
    },
    "extraPieceBaseColor3": {
        "r": 0.0,
        "g": 0.0,
        "b": 0.0,
        "a": 0.0
    },
    "extraPieceFinalColor1": {
        "r": 0.0,
        "g": 0.0,
        "b": 0.0,
        "a": 0.0
    },
    "extraPieceFinalColor2": {
        "r": 0.0,
        "g": 0.0,
        "b": 0.0,
        "a": 0.0
    },
    "extraPieceFinalColor3": {
        "r": 0.0,
        "g": 0.0,
        "b": 0.0,
        "a": 0.0
    },
    "equipmentSlot": 3,
    "stats": {
        "health": 0,
        "strength": 620,
        "armor": 5,
        "speed": 0,
        "intelligence": 0
    },
    "weaponType": 4,
    "mainAttackCooldown": 0.0,
    "secondaryAttackCooldown": 0.0,
    "mainAttackPushBackwardsForce": 450.0,
    "secondaryAttackPushBackwardsForce": 0.0,
    "secondaryAttackDamageMultiplier": 2.0,
    "mainAttackEffectCombo1": "TrainingGlovesAttackSparkles",
    "mainAttackEffectCombo2": "TrainingGlovesAttackSparkles2",
    "mainAttackEffectCombo3": "TrainingGlovesAttackSparkles3",
    "secondaryAttackEffect": "TrainingGlovesAttackSparklesSecondary",
    "secondaryAttackChargedEffect": "",
    "missAttackEffect": "",
    "combatEffect": "",
    "trickAttackCooldown": 0.0,
    "trickAttackPushBackwardsForce": 900.0,
    "trickEffect": "ThiefGlovesWeaponEffect",
    "arrowPrefabName": "",
    "minLevelToAppear": 0,
    "maxLevelToAppear": 9
}