{
    "name": "Toxic Liquid",
    "nameKey": "WANDERER_DLC/TOXIC_LIQUID_NAME",
    "worldSpriteName": "DLC_Item_EnemyResource_ToxicLiquid",
    "description": "Volatile liquid used to create poisonous clouds",
    "descriptionKey": "WANDERER_DLC/TOXIC_LIQUID_DESCRIPTION",
    "goldValue": 2325,
    "tier": 4,
    "culture": 7,
    "maxStack": 10,
    "canAppearInChest": false,
    "chestWeight": 1.0,
    "minChestStack": 1,
    "maxChestStack": 3,
    "fixedChestStack": 0,
    "isDestroyedOnRunEnded": false,
    "wandererWeaponGoldCost": 0,
    "wandererWeaponSlimeCost": 0,
    "plusLevel": 0
}