{
    "name": "Treated Wood",
    "nameKey": "ITEMS/TREATED_WOOD_NAME",
    "worldSpriteName": "Item_TreatedWood",
    "description": "",
    "descriptionKey": "ITEMS/TREATED_WOOD_DESCRIPTION",
    "goldValue": 5150,
    "tier": 2,
    "culture": 4,
    "maxStack": 999,
    "canAppearInChest": true,
    "chestWeight": 1.0,
    "minChestStack": 1,
    "maxChestStack": 999,
    "fixedChestStack": 0,
    "isDestroyedOnRunEnded": false,
    "wandererWeaponGoldCost": 0,
    "wandererWeaponSlimeCost": 0,
    "plusLevel": 0
}