{
    "name": "Triple Cell Battery",
    "nameKey": "ITEMS/TRIPLE_CELL_BATTERY_NAME",
    "worldSpriteName": "Item_TripleCellBattery",
    "description": "",
    "descriptionKey": "ITEMS/TRIPLE_CELL_BATTERY_DESCRIPTION",
    "goldValue": 10000,
    "tier": 1,
    "culture": 4,
    "maxStack": 999,
    "canAppearInChest": true,
    "chestWeight": 1.0,
    "minChestStack": 1,
    "maxChestStack": 999,
    "fixedChestStack": 0,
    "isDestroyedOnRunEnded": false,
    "wandererWeaponGoldCost": 0,
    "wandererWeaponSlimeCost": 0,
    "plusLevel": 0
}