{
    "name": "Tungsten Reel",
    "nameKey": "ITEMS/TUNGSTEN_REEL_NAME",
    "worldSpriteName": "Item_TungstenReel",
    "description": "",
    "descriptionKey": "ITEMS/TUNGSTEN_REEL_DESCRIPTION",
    "goldValue": 8600,
    "tier": 2,
    "culture": 4,
    "maxStack": 999,
    "canAppearInChest": true,
    "chestWeight": 1.0,
    "minChestStack": 1,
    "maxChestStack": 999,
    "fixedChestStack": 0,
    "isDestroyedOnRunEnded": false,
    "wandererWeaponGoldCost": 0,
    "wandererWeaponSlimeCost": 0,
    "plusLevel": 0
}