{
    "name": "Turret Notes",
    "nameKey": "QUEST_TURRET_NAME",
    "worldSpriteName": "Item_Quest",
    "description": "",
    "descriptionKey": "ITEMS/QUEST_ITEM_DESCRIPTION",
    "goldValue": 0,
    "tier": 0,
    "culture": 0,
    "maxStack": 999,
    "canAppearInChest": false,
    "chestWeight": 0.0,
    "minChestStack": 0,
    "maxChestStack": 999,
    "fixedChestStack": 0,
    "isDestroyedOnRunEnded": false,
    "wandererWeaponGoldCost": 0,
    "wandererWeaponSlimeCost": 0,
    "plusLevel": 0
}