{
    "name": "Vacuum tube",
    "nameKey": "ITEMS/VACUUM_TUBE_NAME",
    "worldSpriteName": "Item_VacuumTube",
    "description": "",
    "descriptionKey": "ITEMS/VACUUM_TUBE_DESCRIPTION",
    "goldValue": 6900,
    "tier": 2,
    "culture": 4,
    "maxStack": 999,
    "canAppearInChest": true,
    "chestWeight": 1.0,
    "minChestStack": 1,
    "maxChestStack": 999,
    "fixedChestStack": 0,
    "isDestroyedOnRunEnded": false,
    "wandererWeaponGoldCost": 0,
    "wandererWeaponSlimeCost": 0,
    "plusLevel": 0
}