{
    "name": "Valkyrie Spear V",
    "nameKey": "WANDERER_DLC/VALKYRIE_SPEAR_NAME_V",
    "worldSpriteName": "Valkyrie_Spear",
    "description": "",
    "descriptionKey": "WANDERER_DLC/VALKYRIE_SPEAR_DESCRIPTION",
    "goldValue": 656000,
    "tier": 3,
    "culture": 7,
    "maxStack": 1,
    "canAppearInChest": false,
    "chestWeight": 0.0,
    "minChestStack": 1,
    "maxChestStack": 1,
    "fixedChestStack": 0,
    "isDestroyedOnRunEnded": false,
    "wandererWeaponGoldCost": 0,
    "wandererWeaponSlimeCost": 0,
    "plusLevel": 0,
    "inGameArtPrefabName": "Weapons/ValkyrieSpear",
    "inGameExtraPieceArtPrefabName": "",
    "extraPieceBaseColor1": {
        "r": 0.0,
        "g": 0.0,
        "b": 0.0,
        "a": 0.0
    },
    "extraPieceBaseColor2": {
        "r": 0.0,
        "g": 0.0,
        "b": 0.0,
        "a": 0.0
    },
    "extraPieceBaseColor3": {
        "r": 0.0,
        "g": 0.0,
        "b": 0.0,
        "a": 0.0
    },
    "extraPieceFinalColor1": {
        "r": 0.0,
        "g": 0.0,
        "b": 0.0,
        "a": 0.0
    },
    "extraPieceFinalColor2": {
        "r": 0.0,
        "g": 0.0,
        "b": 0.0,
        "a": 0.0
    },
    "extraPieceFinalColor3": {
        "r": 0.0,
        "g": 0.0,
        "b": 0.0,
        "a": 0.0
    },
    "equipmentSlot": 3,
    "stats": {
        "health": 0,
        "strength": 4473,
        "armor": 0,
        "speed": 0,
        "intelligence": 0
    },
    "weaponType": 3,
    "mainAttackCooldown": 0.0,
    "secondaryAttackCooldown": 0.0,
    "mainAttackPushBackwardsForce": 450.0,
    "secondaryAttackPushBackwardsForce": 900.0,
    "secondaryAttackDamageMultiplier": 2.0,
    "mainAttackEffectCombo1": "TrainingBowAttackSparkles",
    "mainAttackEffectCombo2": "TrainingBowAttackSparkles",
    "mainAttackEffectCombo3": "SpearAttack3",
    "secondaryAttackEffect": "TrainingBowAttackSparklesSecondary",
    "secondaryAttackChargedEffect": "",
    "missAttackEffect": "",
    "combatEffect": ""
}