{
    "name": "Venomous Spores",
    "nameKey": "ITEMS/VENOMOUS_SPORES_NAME",
    "worldSpriteName": "Item_VenomousSpores",
    "description": "Venomous spores used as weapons by some enemies.",
    "descriptionKey": "ITEMS/VENOMOUS_SPORES_DESCRIPTION",
    "goldValue": 60,
    "tier": 4,
    "culture": 2,
    "maxStack": 999,
    "canAppearInChest": false,
    "chestWeight": 0.0,
    "minChestStack": 1,
    "maxChestStack": 999,
    "fixedChestStack": 0,
    "isDestroyedOnRunEnded": false,
    "wandererWeaponGoldCost": 0,
    "wandererWeaponSlimeCost": 0,
    "plusLevel": 0
}