{
    "name": "Vine",
    "nameKey": "ITEMS/VINE_NAME",
    "worldSpriteName": "Vine02",
    "description": "Strong but flexible material used by Tangles to protect themselves.",
    "descriptionKey": "ITEMS/VINE_DESCRIPTION",
    "goldValue": 2,
    "tier": 4,
    "culture": 1,
    "maxStack": 999,
    "canAppearInChest": false,
    "chestWeight": 0.0,
    "minChestStack": 1,
    "maxChestStack": 999,
    "fixedChestStack": 0,
    "isDestroyedOnRunEnded": false,
    "wandererWeaponGoldCost": 0,
    "wandererWeaponSlimeCost": 0,
    "plusLevel": 0
}