{
    "name": "Volcanic Stone",
    "nameKey": "ITEMS/VOLCANIC_STONE_NAME",
    "worldSpriteName": "Item_VolcanicStone",
    "description": "Rock formed from stationary magma ",
    "descriptionKey": "ITEMS/VOLCANIC_STONE_DESCRIPTION",
    "goldValue": 100,
    "tier": 4,
    "culture": 3,
    "maxStack": 999,
    "canAppearInChest": false,
    "chestWeight": 0.0,
    "minChestStack": 1,
    "maxChestStack": 999,
    "fixedChestStack": 0,
    "isDestroyedOnRunEnded": false,
    "wandererWeaponGoldCost": 0,
    "wandererWeaponSlimeCost": 0,
    "plusLevel": 0
}