{
    "name": "Water Lamp",
    "nameKey": "ITEMS/WATER_LAMP_NAME",
    "worldSpriteName": "book_item_03_WaterLamp",
    "description": "Designed to carry gleaming water.",
    "descriptionKey": "ITEMS/WATER_LAMP_DESCRIPTION",
    "goldValue": 250,
    "tier": 1,
    "culture": 1,
    "maxStack": 999,
    "canAppearInChest": true,
    "chestWeight": 1.0,
    "minChestStack": 1,
    "maxChestStack": 999,
    "fixedChestStack": 0,
    "isDestroyedOnRunEnded": false,
    "wandererWeaponGoldCost": 0,
    "wandererWeaponSlimeCost": 0,
    "plusLevel": 0
}