{
    "name": "Water Sphere",
    "nameKey": "ITEMS/WATER_SPHERE_NAME",
    "worldSpriteName": "WaterSphere02",
    "description": "A sphere filled with water, which emits a strange light.",
    "descriptionKey": "ITEMS/WATER_SPHERE_DESCRIPTION",
    "goldValue": 100,
    "tier": 3,
    "culture": 1,
    "maxStack": 999,
    "canAppearInChest": false,
    "chestWeight": 1.0,
    "minChestStack": 1,
    "maxChestStack": 999,
    "fixedChestStack": 0,
    "isDestroyedOnRunEnded": false,
    "wandererWeaponGoldCost": 0,
    "wandererWeaponSlimeCost": 0,
    "plusLevel": 0
}