{
    "name": "Welding Gun",
    "nameKey": "ITEMS/WELDING_GUN_NAME",
    "worldSpriteName": "Item_WeldingGun",
    "description": "",
    "descriptionKey": "ITEMS/WELDING_GUN_DESCRIPTION",
    "goldValue": 11650,
    "tier": 1,
    "culture": 4,
    "maxStack": 999,
    "canAppearInChest": true,
    "chestWeight": 1.0,
    "minChestStack": 1,
    "maxChestStack": 999,
    "fixedChestStack": 0,
    "isDestroyedOnRunEnded": false,
    "wandererWeaponGoldCost": 0,
    "wandererWeaponSlimeCost": 0,
    "plusLevel": 0
}