{
    "name": "Welding rods",
    "nameKey": "ITEMS/WELDING_RODS_NAME",
    "worldSpriteName": "Item_WeldingRods",
    "description": "",
    "descriptionKey": "ITEMS/WELDING_RODS_DESCRIPTION",
    "goldValue": 3400,
    "tier": 3,
    "culture": 4,
    "maxStack": 999,
    "canAppearInChest": false,
    "chestWeight": 0.0,
    "minChestStack": 1,
    "maxChestStack": 999,
    "fixedChestStack": 0,
    "isDestroyedOnRunEnded": false,
    "wandererWeaponGoldCost": 0,
    "wandererWeaponSlimeCost": 0,
    "plusLevel": 0
}