{
    "name": "Whetstone",
    "nameKey": "ITEMS/WHETSTONE_NAME",
    "worldSpriteName": "Whetstone",
    "description": "Stone used by blacksmiths to grind and sharpen weapons.",
    "descriptionKey": "ITEMS/WHETSTONE_DESCRIPTION",
    "goldValue": 15,
    "tier": 4,
    "culture": 1,
    "maxStack": 999,
    "canAppearInChest": false,
    "chestWeight": 0.0,
    "minChestStack": 1,
    "maxChestStack": 999,
    "fixedChestStack": 0,
    "isDestroyedOnRunEnded": false,
    "wandererWeaponGoldCost": 0,
    "wandererWeaponSlimeCost": 0,
    "plusLevel": 0
}