{
    "name": "White Stone",
    "nameKey": "ITEMS/WHITE_STONE_NAME",
    "worldSpriteName": "item_white_stone",
    "description": "A container to preserve the properties of infused water.",
    "descriptionKey": "ITEMS/WHITE_STONE_DESCRIPTION",
    "goldValue": 250,
    "tier": 1,
    "culture": 1,
    "maxStack": 999,
    "canAppearInChest": true,
    "chestWeight": 1.0,
    "minChestStack": 1,
    "maxChestStack": 999,
    "fixedChestStack": 0,
    "isDestroyedOnRunEnded": false,
    "wandererWeaponGoldCost": 0,
    "wandererWeaponSlimeCost": 0,
    "plusLevel": 0
}