{
    "name": "Wolfram Rock",
    "nameKey": "ITEMS/WOLFRAM_ROCK_NAME",
    "worldSpriteName": "Item_WolframRock",
    "description": "",
    "descriptionKey": "ITEMS/WOLFRAM_ROCK_DESCRIPTION",
    "goldValue": 6350,
    "tier": 2,
    "culture": 4,
    "maxStack": 999,
    "canAppearInChest": true,
    "chestWeight": 2.0,
    "minChestStack": 1,
    "maxChestStack": 999,
    "fixedChestStack": 0,
    "isDestroyedOnRunEnded": false,
    "wandererWeaponGoldCost": 0,
    "wandererWeaponSlimeCost": 0,
    "plusLevel": 0
}